-- phpMyAdmin SQL Dump
-- version 5.2.0
-- https://www.phpmyadmin.net/
--
-- Servidor: 127.0.0.1
-- Tiempo de generación: 13-06-2023 a las 09:24:00
-- Versión del servidor: 10.4.24-MariaDB
-- Versión de PHP: 8.1.6

SET SQL_MODE = "NO_AUTO_VALUE_ON_ZERO";
START TRANSACTION;
SET time_zone = "+00:00";


/*!40101 SET @OLD_CHARACTER_SET_CLIENT=@@CHARACTER_SET_CLIENT */;
/*!40101 SET @OLD_CHARACTER_SET_RESULTS=@@CHARACTER_SET_RESULTS */;
/*!40101 SET @OLD_COLLATION_CONNECTION=@@COLLATION_CONNECTION */;
/*!40101 SET NAMES utf8mb4 */;

--
-- Base de datos: `u2_supermercado`
--

-- --------------------------------------------------------

--
-- Estructura de tabla para la tabla `cliente`
--

CREATE TABLE `cliente` (
  `id_c` int(11) NOT NULL,
  `curp` varchar(32) NOT NULL,
  `nombre` varchar(32) NOT NULL,
  `ap_pat` varchar(32) NOT NULL,
  `ap_mat` varchar(32) NOT NULL,
  `sexo` int(11) DEFAULT NULL,
  `fecha_nac` date DEFAULT NULL,
  `id_dir` int(11) DEFAULT NULL
) ENGINE=InnoDB DEFAULT CHARSET=utf8mb4;

--
-- Volcado de datos para la tabla `cliente`
--

INSERT INTO `cliente` (`id_c`, `curp`, `nombre`, `ap_pat`, `ap_mat`, `sexo`, `fecha_nac`, `id_dir`) VALUES
(1, 'QNLG850415', 'Mateo', 'Jiménez', 'Vazquez', 0, '1953-02-24', 111),
(2, 'EWXS850725', 'Maria', 'Castro', 'Zapata', 1, '0000-00-00', 587),
(3, 'JUYD170513', 'Efrain', 'Rosas', 'Fuentes', 0, '2000-07-12', 884),
(4, 'XDPC400508', 'Oscar', 'Castro', 'Rosas', 0, '1995-02-21', 890),
(5, 'LEQQ010805', 'Maria', 'Ortiz', 'Jiménez', 1, '2018-03-14', 142),
(6, 'VAWK130227', 'Gabriela', 'Castro', 'Bautista', 1, '2041-08-24', 335),
(7, 'UQEU180012', 'Patricia', 'Lopez', 'Quintero', 1, '1970-08-12', 765),
(8, 'JUPO560803', 'Alejandra', 'Ignacio', 'Zapata', 1, '2029-04-11', 811),
(9, 'HÑNH610505', 'Braulio', 'Esparza', 'Quintero', 1, '1975-04-22', 901),
(10, 'LTBT730103', 'Ivana', 'Perez', 'Rosas', 1, '1955-01-21', 488),
(11, 'GBHE760227', 'Paul', 'Rosas', 'Yañez', 0, '1979-04-26', 278),
(12, 'EJYS160711', 'Julisa', 'Gonzalez', 'Fuentes', 1, '2042-08-24', 305),
(13, 'CGPG870401', 'Ofelia', 'Dominguez', 'Ugalde', 1, '1988-07-23', 492),
(14, 'ETVG620102', 'Braulio', 'Fuentes', 'Castro', 1, '1962-08-10', 984),
(15, 'HRSR800514', 'Saira', 'Fuentes', 'Perez', 1, '1979-07-17', 925),
(16, 'UCAW170313', 'Ursula', 'Nuñez', 'Esparza', 1, '2043-02-12', 297),
(17, 'BAXM500210', 'Gabriel', 'Jiménez', 'Vazquez', 0, '0000-00-00', 117),
(18, 'OGGK770326', 'Saira', 'Ortiz', 'Vazquez', 1, '2022-08-04', 586),
(19, 'OQMX710206', 'Ubaldo', 'Dominguez', 'Rosas', 0, '2015-06-08', 736),
(20, 'FXEV660003', 'Benito', 'Bautista', 'Tabares', 0, '0000-00-00', 765),
(21, 'HKAD120507', 'Mariann', 'Tabares', 'Perez', 1, '2015-01-05', 487),
(22, 'ÑDGG560403', 'Ofelia', 'Dominguez', 'Gonzalez', 1, '2030-02-28', 296),
(23, 'HLLB230007', 'Fabián', 'Vazquez', 'Martinez', 0, '1966-05-18', 588),
(24, 'RVÑS300108', 'Fabián', 'Nuñez', 'Ugalde', 0, '1967-03-03', 875),
(25, 'ATRX520623', 'Maria', 'Martinez', 'Jiménez', 1, '1950-07-15', 668),
(26, 'OEÑH840217', 'Alejandro', 'Ugalde', 'Perez', 0, '2022-03-12', 825),
(27, 'NCCÑ270813', 'Braulio', 'Ortiz', 'Perez', 1, '1971-05-04', 208),
(28, 'LPFJ480323', 'Georgina', 'Rosas', 'Fuentes', 1, '1966-07-08', 420),
(29, 'CJQB500009', 'Patricia', 'Yañez', 'Jiménez', 1, '2005-08-15', 874),
(30, 'YISH450307', 'Julisa', 'Lopez', 'Hernandez', 1, '1958-07-06', 640),
(31, 'NEMX830618', 'Ubaldo', 'Lopez', 'Bautista', 0, '1997-07-03', 375),
(32, 'XALG200405', 'Gabriel', 'Ignacio', 'Jiménez', 0, '2036-01-21', 89),
(33, 'BGYT070311', 'Lara', 'Zapata', 'Perez', 1, '1995-02-25', 694),
(34, 'GLCR640221', 'Juan', 'Rosas', 'Rosas', 0, '2037-04-18', 68),
(35, 'NKEC300405', 'Saira', 'Castro', 'Fuentes', 1, '2002-07-21', 811),
(36, 'CWCJ120603', 'Luisa', 'Nuñez', 'Martinez', 1, '2043-07-01', 39),
(37, 'SWQR220112', 'Inés', 'Martinez', 'Perez', 1, '1979-01-12', 276),
(38, 'QDVM340610', 'Leandro', 'Lopez', 'Jiménez', 0, '1995-08-07', 971),
(39, 'JMBX610801', 'Inés', 'Yañez', 'Quintero', 1, '2034-02-20', 260),
(40, 'OLOC060203', 'Raul', 'Ortiz', 'Castro', 0, '2027-03-21', 297),
(41, 'FNPV170701', 'Mario', 'Fuentes', 'Castro', 0, '1976-04-12', 928),
(42, 'SVPA530116', 'Carla', 'Gonzalez', 'Nuñez', 1, '2016-03-22', 489),
(43, 'SOPN720606', 'Dilan', 'Zapata', 'Yañez', 0, '2024-03-09', 263),
(44, 'MAXD870218', 'Efrain', 'Perez', 'Lopez', 0, '2029-04-27', 467),
(45, 'FÑYJ830128', 'Ubaldo', 'Yañez', 'Nuñez', 0, '1996-06-20', 688),
(46, 'ARYI470802', 'Alejandro', 'Castro', 'Castro', 0, '2039-08-05', 347),
(47, 'FTÑU340615', 'Mario', 'Nuñez', 'Bautista', 0, '2020-06-05', 123),
(48, 'ILTP180225', 'Iván', 'Zapata', 'Dominguez', 0, '2027-02-21', 259),
(49, 'JKFS650309', 'Benito', 'Castro', 'Bautista', 0, '2038-08-09', 311),
(50, 'SLCX320802', 'Daniela', 'Rosas', 'Lopez', 1, '1985-05-12', 224),
(51, 'BJNO860412', 'Nestor', 'Castro', 'Martinez', 0, '2009-01-09', 558),
(52, 'NBCD410403', 'Patricia', 'Yañez', 'Rosas', 1, '0000-00-00', 333),
(53, 'EHOD020613', 'Ian', 'Quintero', 'Bautista', 0, '2005-02-15', 215),
(54, 'SCPÑ420311', 'Hortensia', 'Castro', 'Esparza', 1, '1962-04-17', 702),
(55, 'QCGY220404', 'Braulio', 'Zapata', 'Gonzalez', 1, '1985-08-01', 552),
(56, 'DWCY420309', 'Andrés', 'Yañez', 'Hernandez', 0, '0000-00-00', 962),
(57, 'IAFX580410', 'Alejandro', 'Quintero', 'Andrade', 0, '1978-05-17', 857),
(58, 'NOSP400220', 'Daniela', 'Bautista', 'Perez', 1, '0000-00-00', 261),
(59, 'SFAI450606', 'Carmen', 'Martinez', 'Ugalde', 1, '2003-06-04', 892),
(60, 'SRSI730421', 'Oscar', 'Perez', 'Andrade', 0, '1972-01-20', 8),
(61, 'ULQI760711', 'Patricio', 'Jiménez', 'Andrade', 0, '2020-06-10', 59),
(62, 'DRHR730517', 'Diana', 'Fuentes', 'Esparza', 1, '1965-01-05', 864),
(63, 'GIDP740817', 'Normand', 'Fuentes', 'Zapata', 0, '1980-08-03', 896),
(64, 'ECNÑ330707', 'Iván', 'Lopez', 'Castro', 0, '0000-00-00', 713),
(65, 'ADGK440024', 'Maria', 'Tabares', 'Quintero', 1, '2031-01-15', 766),
(66, 'ÑEEL520317', 'Saira', 'Esparza', 'Ugalde', 1, '2002-01-20', 588),
(67, 'DKEJ530601', 'Iván', 'Zapata', 'Martinez', 0, '0000-00-00', 840),
(68, 'ASPR410223', 'Luís', 'Jiménez', 'Lopez', 0, '2048-01-18', 813),
(69, 'OFKY310409', 'Ian', 'Gonzalez', 'Ugalde', 0, '2026-04-06', 758),
(70, 'TDUT660324', 'Daniel', 'Yañez', 'Ugalde', 0, '1956-02-26', 831),
(71, 'LKXQ470402', 'Patricio', 'Castro', 'Gonzalez', 0, '2036-02-27', 564),
(72, 'BLTT850418', 'Braulio', 'Nuñez', 'Hernandez', 1, '1998-08-03', 463),
(73, 'UMAH260608', 'Rubén', 'Bautista', 'Dominguez', 0, '1982-07-27', 789),
(74, 'HAWL540406', 'Leandro', 'Yañez', 'Perez', 0, '0000-00-00', 588),
(75, 'RTHY340213', 'Oswaldo', 'Castro', 'Lopez', 0, '0000-00-00', 783),
(76, 'GGDI140607', 'Mateo', 'Perez', 'Nuñez', 0, '2043-04-12', 478),
(77, 'KDJV650209', 'Nely', 'Lopez', 'Andrade', 1, '1996-01-17', 678),
(78, 'KGCX220222', 'Inés', 'Andrade', 'Rosas', 1, '1958-04-22', 284),
(79, 'OBQL060717', 'Hortensia', 'Yañez', 'Esparza', 1, '2041-04-25', 578),
(80, 'DQPY520618', 'Diana', 'Castro', 'Bautista', 1, '2036-03-02', 396),
(81, 'MMAV110621', 'Braulio', 'Vazquez', 'Dominguez', 1, '2011-06-12', 841),
(82, 'AOAO810020', 'Fernanda', 'Vazquez', 'Rosas', 1, '1974-03-22', 684),
(83, 'MEKA210224', 'Paul', 'Perez', 'Dominguez', 0, '1991-02-26', 585),
(84, 'NSID170328', 'Kendra', 'Vazquez', 'Yañez', 1, '1967-07-24', 849),
(85, 'QSYJ180622', 'Ursula', 'Andrade', 'Lopez', 1, '1955-05-22', 753),
(86, 'AMOY370218', 'Ofelia', 'Bautista', 'Martinez', 1, '2035-07-13', 362),
(87, 'ÑOAA750107', 'Hilda', 'Dominguez', 'Zapata', 1, '1953-03-05', 374),
(88, 'JGDP860117', 'Hortensia', 'Andrade', 'Perez', 1, '1979-07-15', 758),
(89, 'WDSW540615', 'Benito', 'Gonzalez', 'Rosas', 0, '1951-07-04', 868),
(90, 'GYCW570122', 'Juan', 'Martinez', 'Tabares', 0, '2036-02-09', 238),
(91, 'FOXE840207', 'Manuel', 'Vazquez', 'Fuentes', 0, '0000-00-00', 518),
(92, 'HTVM630012', 'Beatriz', 'Tabares', 'Quintero', 1, '2042-01-02', 844),
(93, 'KTNE500104', 'Kevin', 'Yañez', 'Ignacio', 0, '2043-03-23', 468),
(94, 'FLUJ780817', 'Dilan', 'Lopez', 'Dominguez', 0, '2047-01-18', 683),
(95, 'FYJQ830717', 'Oscar', 'Tabares', 'Fuentes', 0, '2030-07-13', 857),
(96, 'EYFU010717', 'Mario', 'Vazquez', 'Zapata', 0, '2026-06-14', 945),
(97, 'MEGA580228', 'Maria', 'Andrade', 'Esparza', 1, '1979-01-21', 959),
(98, 'DYMC800003', 'Gabriel', 'Ugalde', 'Castro', 0, '0000-00-00', 690),
(99, 'ÑHRÑ420304', 'Xochitl', 'Hernandez', 'Perez', 1, '2006-05-02', 444),
(100, 'GPJQ510608', 'Pilar', 'Zapata', 'Vazquez', 1, '2027-06-15', 665),
(101, 'MJUÑ580704', 'Oscar', 'Hernandez', 'Dominguez', 0, '2026-05-26', 106),
(102, 'WRHF480125', 'Mariann', 'Esparza', 'Hernandez', 1, '2032-06-09', 612),
(103, 'KEUK100316', 'Esteban', 'Lopez', 'Ugalde', 0, '1989-07-25', 698),
(104, 'NUSA410115', 'Tadeo', 'Dominguez', 'Hernandez', 0, '2004-03-21', 829),
(105, 'NNÑM770024', 'Paul', 'Castro', 'Dominguez', 0, '2031-04-08', 711),
(106, 'HRPH810708', 'Saul', 'Zapata', 'Bautista', 0, '0000-00-00', 961),
(107, 'WIEÑ740325', 'Dilan', 'Zapata', 'Tabares', 0, '2049-05-27', 233),
(108, 'OGPS530701', 'Inés', 'Hernandez', 'Bautista', 1, '1962-08-02', 255),
(109, 'HNAN720621', 'Rubén', 'Gonzalez', 'Quintero', 0, '2018-03-03', 232),
(110, 'BUIV500312', 'Esther', 'Lopez', 'Lopez', 1, '2008-06-21', 783),
(111, 'ASÑX310714', 'Normand', 'Lopez', 'Esparza', 0, '1985-08-16', 890),
(112, 'ÑDÑV080118', 'Saul', 'Quintero', 'Andrade', 0, '0000-00-00', 348),
(113, 'WTUE640620', 'Yazmin', 'Jiménez', 'Ugalde', 1, '2036-03-20', 843),
(114, 'PAWY610215', 'Ivana', 'Castro', 'Fuentes', 1, '2024-01-13', 91),
(115, 'PIVW020823', 'Ubaldo', 'Dominguez', 'Tabares', 0, '2000-08-12', 449),
(116, 'SPVO700817', 'Brandon', 'Quintero', 'Martinez', 0, '2044-04-16', 4),
(117, 'ÑCNQ480721', 'Fernanda', 'Ignacio', 'Vazquez', 1, '2033-02-05', 434),
(118, 'ATVH220501', 'Julio', 'Dominguez', 'Lopez', 0, '0000-00-00', 869),
(119, 'OUMY840328', 'Jose', 'Andrade', 'Vazquez', 0, '2025-05-05', 546),
(120, 'DXVÑ520123', 'Ubaldo', 'Esparza', 'Martinez', 0, '2020-02-09', 334),
(121, 'FMJV160808', 'Kendra', 'Tabares', 'Andrade', 1, '1987-08-17', 59),
(122, 'UVMK430018', 'Iván', 'Yañez', 'Ignacio', 0, '1970-01-28', 140),
(123, 'QJIU480817', 'Daniel', 'Lopez', 'Ignacio', 0, '2033-04-28', 269),
(124, 'YIEF220015', 'Brandon', 'Martinez', 'Ignacio', 0, '0000-00-00', 707),
(125, 'KPLS410202', 'Tamara', 'Tabares', 'Ignacio', 1, '1962-04-16', 314),
(126, 'OKKK510517', 'Kendra', 'Quintero', 'Ignacio', 1, '2002-08-01', 603),
(127, 'TBBÑ480110', 'Georgina', 'Bautista', 'Martinez', 1, '1993-07-12', 954),
(128, 'UPUE240526', 'Jose', 'Esparza', 'Yañez', 0, '2041-05-24', 600),
(129, 'SVFQ060424', 'Kendra', 'Zapata', 'Nuñez', 1, '2024-03-16', 166),
(130, 'QYÑA050012', 'Hilda', 'Rosas', 'Zapata', 1, '1992-08-08', 332),
(131, 'JFRR710006', 'Oscar', 'Fuentes', 'Rosas', 0, '2009-05-24', 666),
(132, 'QCJN540208', 'Karla', 'Rosas', 'Zapata', 1, '2034-04-06', 776),
(133, 'SSYG530423', 'Fabián', 'Tabares', 'Ortiz', 0, '1973-08-15', 722),
(134, 'XHKP530401', 'Hilda', 'Andrade', 'Jiménez', 1, '2047-07-10', 48),
(135, 'GXJP110411', 'Estela', 'Bautista', 'Rosas', 1, '2012-06-09', 877),
(136, 'YUPM380220', 'Jose', 'Ignacio', 'Hernandez', 0, '2009-08-13', 268),
(137, 'DNÑV810612', 'Carlos', 'Fuentes', 'Quintero', 0, '2048-01-01', 434),
(138, 'UUVF340205', 'Saira', 'Lopez', 'Rosas', 1, '1984-04-13', 451),
(139, 'JVKY340417', 'Normand', 'Lopez', 'Tabares', 0, '2035-05-09', 831),
(140, 'KWVV630111', 'Saul', 'Jiménez', 'Tabares', 0, '2026-01-06', 692),
(141, 'TRLC400518', 'Lara', 'Andrade', 'Zapata', 1, '0000-00-00', 253),
(142, 'HVXW360602', 'Rosa', 'Hernandez', 'Ignacio', 1, '0000-00-00', 120),
(143, 'YPPE840618', 'Nestor', 'Castro', 'Martinez', 0, '0000-00-00', 105),
(144, 'KÑJU810702', 'Dilan', 'Quintero', 'Zapata', 0, '2018-01-01', 358),
(145, 'YYVQ070524', 'Gabriela', 'Zapata', 'Ignacio', 1, '1965-08-28', 214),
(146, 'XUEM340314', 'Oscar', 'Nuñez', 'Rosas', 0, '1975-07-13', 483),
(147, 'YGFW350523', 'Mateo', 'Jiménez', 'Nuñez', 0, '1968-01-13', 854),
(148, 'SIDK550211', 'Alejandra', 'Andrade', 'Esparza', 1, '1957-01-08', 718),
(149, 'ACBA320003', 'Esteban', 'Perez', 'Jiménez', 0, '1984-06-20', 978),
(150, 'EPKS320512', 'Estela', 'Bautista', 'Castro', 1, '1978-04-07', 351),
(151, 'NNÑH840713', 'Georgina', 'Fuentes', 'Ugalde', 1, '2011-04-23', 257),
(152, 'UMOK000723', 'Cesar', 'Esparza', 'Bautista', 0, '2032-07-24', 615),
(153, 'TRBS640001', 'Braulio', 'Perez', 'Andrade', 1, '2044-01-11', 798),
(154, 'RRNN460402', 'Fabiola', 'Bautista', 'Ignacio', 1, '1971-08-24', 517),
(155, 'SCJF750313', 'Carlos', 'Tabares', 'Tabares', 0, '2030-06-14', 646),
(156, 'VXBF070709', 'Beatriz', 'Castro', 'Vazquez', 1, '1976-02-24', 856),
(157, 'EWIR340809', 'Esteban', 'Bautista', 'Esparza', 0, '1970-06-12', 440),
(158, 'QTPQ400427', 'Alejandra', 'Hernandez', 'Castro', 1, '2017-08-06', 921),
(159, 'TNKO580528', 'Manuel', 'Fuentes', 'Gonzalez', 0, '1996-07-01', 833),
(160, 'XSAQ660113', 'Kendra', 'Zapata', 'Fuentes', 1, '1995-03-14', 598),
(161, 'JDQO820817', 'Karla', 'Bautista', 'Dominguez', 1, '2008-05-21', 538),
(162, 'MJEU220809', 'Tadeo', 'Gonzalez', 'Tabares', 0, '2021-02-10', 886),
(163, 'BHEK180106', 'Ursula', 'Lopez', 'Castro', 1, '1954-05-11', 120),
(164, 'RBRA170412', 'Braulio', 'Quintero', 'Esparza', 1, '0000-00-00', 52),
(165, 'OVRN070602', 'Mariann', 'Jiménez', 'Tabares', 1, '1987-05-25', 890),
(166, 'DCGW650110', 'Raul', 'Lopez', 'Andrade', 0, '2039-03-05', 917),
(167, 'TJAW020616', 'Fausto', 'Ignacio', 'Lopez', 0, '2033-03-23', 514),
(168, 'LPEY660020', 'Ofelia', 'Bautista', 'Hernandez', 1, '1969-03-12', 7),
(169, 'CCXD830125', 'Ofelia', 'Quintero', 'Tabares', 1, '2048-03-27', 205),
(170, 'BPEN460403', 'Patricia', 'Ignacio', 'Rosas', 1, '2008-03-10', 565),
(171, 'LHÑO670618', 'Luisa', 'Ugalde', 'Andrade', 1, '1954-01-24', 616),
(172, 'GUMW350210', 'Karla', 'Fuentes', 'Yañez', 1, '0000-00-00', 659),
(173, 'VYHJ250622', 'Alejandra', 'Esparza', 'Esparza', 1, '0000-00-00', 777),
(174, 'XTEE860820', 'Karla', 'Yañez', 'Fuentes', 1, '1963-07-06', 862),
(175, 'WFFF570211', 'Rosa', 'Lopez', 'Yañez', 1, '1974-07-12', 717),
(176, 'SXST860010', 'Patricio', 'Fuentes', 'Ugalde', 0, '1990-01-28', 271),
(177, 'QPHY180107', 'Daniel', 'Hernandez', 'Ortiz', 0, '1961-08-10', 610),
(178, 'OOCG800623', 'Hilda', 'Gonzalez', 'Gonzalez', 1, '1970-07-07', 817),
(179, 'NUJQ150411', 'Jose', 'Quintero', 'Ignacio', 0, '2022-01-05', 576),
(180, 'DKEÑ070005', 'Gabriela', 'Fuentes', 'Fuentes', 1, '0000-00-00', 138),
(181, 'OESS000116', 'Pilar', 'Vazquez', 'Nuñez', 1, '2026-04-26', 485),
(182, 'UBÑW640407', 'Mariann', 'Gonzalez', 'Hernandez', 1, '1953-07-16', 482),
(183, 'IKJV850620', 'Jose', 'Lopez', 'Castro', 0, '1979-04-11', 394),
(184, 'KCVN810308', 'Xochitl', 'Gonzalez', 'Hernandez', 1, '1958-04-15', 378),
(185, 'DQTK320325', 'Efrain', 'Dominguez', 'Rosas', 0, '2016-02-24', 462),
(186, 'UVWO130715', 'Patricio', 'Dominguez', 'Bautista', 0, '2036-07-08', 84),
(187, 'TAEN720305', 'Rosa', 'Ugalde', 'Fuentes', 1, '2045-02-08', 475),
(188, 'ILQM160126', 'Rosa', 'Castro', 'Zapata', 1, '1962-05-24', 25),
(189, 'ONUE600613', 'Pilar', 'Castro', 'Perez', 1, '1956-04-15', 327),
(190, 'ANSQ350123', 'Carlos', 'Rosas', 'Ugalde', 0, '1972-03-20', 724),
(191, 'ÑQDW080721', 'Gerardo', 'Tabares', 'Rosas', 0, '2049-01-14', 84),
(192, 'DXTJ640723', 'Gerardo', 'Esparza', 'Tabares', 0, '2048-04-27', 959),
(193, 'DLNB080208', 'Veronica', 'Vazquez', 'Martinez', 1, '2039-08-13', 484),
(194, 'QNEM620314', 'Inés', 'Martinez', 'Nuñez', 1, '1997-06-06', 139),
(195, 'JIEÑ180013', 'Pilar', 'Yañez', 'Ortiz', 1, '1951-02-03', 993),
(196, 'IAOÑ520006', 'Esteban', 'Castro', 'Yañez', 0, '2014-06-06', 132),
(197, 'EJTS630616', 'Fernanda', 'Vazquez', 'Dominguez', 1, '2011-08-01', 780),
(198, 'BCQQ720626', 'Nely', 'Martinez', 'Esparza', 1, '1963-06-06', 33),
(199, 'LNWU440128', 'Efrain', 'Martinez', 'Jiménez', 0, '0000-00-00', 217),
(200, 'BPUQ520707', 'Alejandro', 'Bautista', 'Zapata', 0, '2040-04-28', 622),
(201, 'GPCM500323', 'Alejandro', 'Bautista', 'Rosas', 0, '2030-07-11', 779),
(202, 'YVOX670704', 'Ian', 'Gonzalez', 'Andrade', 0, '1999-07-01', 477),
(203, 'VHÑÑ250524', 'Kevin', 'Hernandez', 'Ortiz', 0, '1981-07-26', 446),
(204, 'MJJX340323', 'Manuel', 'Ortiz', 'Zapata', 0, '2048-06-14', 5),
(205, 'OAHC030115', 'Ian', 'Ignacio', 'Tabares', 0, '2039-03-01', 976),
(206, 'LBKU700720', 'Efrain', 'Ugalde', 'Ignacio', 0, '1951-07-04', 868),
(207, 'GQSL310107', 'Normand', 'Esparza', 'Ignacio', 0, '1961-03-04', 664),
(208, 'BRHD540127', 'Inés', 'Perez', 'Lopez', 1, '0000-00-00', 534),
(209, 'THUJ030001', 'Iván', 'Zapata', 'Yañez', 0, '2000-02-28', 445),
(210, 'IQÑG120405', 'Alejandro', 'Lopez', 'Dominguez', 0, '1954-08-18', 962),
(211, 'TEUR150128', 'Ana', 'Martinez', 'Fuentes', 1, '1981-02-27', 460),
(212, 'KILE740604', 'Veronica', 'Quintero', 'Lopez', 1, '2043-06-16', 639),
(213, 'FKEK240503', 'Brandon', 'Jiménez', 'Ugalde', 0, '1954-08-23', 442),
(214, 'AGXV710427', 'Braulio', 'Ugalde', 'Ugalde', 1, '1974-01-28', 470),
(215, 'EBHF140213', 'Carlos', 'Jiménez', 'Martinez', 0, '0000-00-00', 537),
(216, 'LLFY600602', 'Juan', 'Dominguez', 'Ugalde', 0, '0000-00-00', 251),
(217, 'TNQN110304', 'Leandro', 'Jiménez', 'Andrade', 0, '2036-05-28', 434),
(218, 'NOGD020309', 'Esteban', 'Nuñez', 'Hernandez', 0, '1988-08-22', 721),
(219, 'DTQA560820', 'Mateo', 'Jiménez', 'Perez', 0, '2025-08-28', 899),
(220, 'VWVL140302', 'Gabriel', 'Zapata', 'Bautista', 0, '1960-02-12', 428),
(221, 'HECU200317', 'Alejandro', 'Ugalde', 'Ugalde', 0, '2013-07-23', 86),
(222, 'EVLÑ380804', 'Beatriz', 'Esparza', 'Andrade', 1, '2036-01-14', 890),
(223, 'VVNL480028', 'Mario', 'Martinez', 'Yañez', 0, '2042-08-27', 245),
(224, 'YPÑH200705', 'Mario', 'Rosas', 'Perez', 0, '2029-04-04', 808),
(225, 'DTTM720002', 'Hortensia', 'Zapata', 'Fuentes', 1, '1987-08-01', 673),
(226, 'XYSF630314', 'Hilda', 'Zapata', 'Andrade', 1, '2005-01-26', 294),
(227, 'XYWÑ760005', 'Fausto', 'Fuentes', 'Ignacio', 0, '1956-03-04', 41),
(228, 'XSBE440723', 'Luisa', 'Jiménez', 'Perez', 1, '1967-02-07', 376),
(229, 'LXWA760125', 'Leandro', 'Lopez', 'Quintero', 0, '2014-04-10', 443),
(230, 'MCIÑ740621', 'Diana', 'Martinez', 'Perez', 1, '1990-03-17', 254),
(231, 'JUVB800707', 'Veronica', 'Bautista', 'Castro', 1, '2001-01-26', 792),
(232, 'CEÑS050421', 'Dilan', 'Bautista', 'Nuñez', 0, '1973-02-20', 46),
(233, 'BGBK730503', 'Andrés', 'Gonzalez', 'Esparza', 0, '1984-03-09', 421),
(234, 'LONV660112', 'Karla', 'Perez', 'Nuñez', 1, '0000-00-00', 23),
(235, 'PVOP860808', 'Fabián', 'Lopez', 'Lopez', 0, '1960-02-04', 4),
(236, 'DMPW270706', 'Dilan', 'Yañez', 'Ortiz', 0, '1982-05-15', 558),
(237, 'IWJD170023', 'Benito', 'Bautista', 'Zapata', 0, '2026-04-09', 154),
(238, 'QDYI800405', 'Patricio', 'Dominguez', 'Quintero', 0, '2036-05-06', 283),
(239, 'JWLQ580512', 'Pilar', 'Lopez', 'Esparza', 1, '1957-06-21', 331),
(240, 'CÑNU100407', 'Yazmin', 'Martinez', 'Quintero', 1, '1959-01-04', 197),
(241, 'YÑFR480216', 'Mateo', 'Zapata', 'Ignacio', 0, '1971-04-03', 892),
(242, 'ABBG870616', 'Iván', 'Esparza', 'Tabares', 0, '1976-08-18', 703),
(243, 'XRQO870411', 'Paul', 'Bautista', 'Ugalde', 0, '0000-00-00', 425),
(244, 'CQWJ050110', 'Carlos', 'Lopez', 'Fuentes', 0, '1955-04-03', 822),
(245, 'FMJV600822', 'Sandra', 'Ugalde', 'Bautista', 1, '2036-05-11', 717),
(246, 'OUÑA030614', 'Georgina', 'Ignacio', 'Hernandez', 1, '1957-08-13', 68),
(247, 'MDXM680822', 'Braulio', 'Zapata', 'Martinez', 1, '2007-03-07', 965),
(248, 'CYIÑ680624', 'Carla', 'Ugalde', 'Zapata', 1, '0000-00-00', 717),
(249, 'HÑUP730523', 'Nely', 'Lopez', 'Ortiz', 1, '1973-04-20', 111),
(250, 'NCAÑ360617', 'Normand', 'Zapata', 'Martinez', 0, '1981-06-11', 474),
(251, 'STQF250223', 'Oswaldo', 'Bautista', 'Andrade', 0, '0000-00-00', 387),
(252, 'IÑJT120603', 'Estela', 'Hernandez', 'Lopez', 1, '1955-07-02', 753),
(253, 'LÑCU230306', 'Gabriela', 'Perez', 'Lopez', 1, '2030-05-08', 465),
(254, 'QTBE810024', 'Patricio', 'Tabares', 'Gonzalez', 0, '1970-06-18', 86),
(255, 'WRFY170611', 'Estela', 'Jiménez', 'Perez', 1, '2046-05-03', 799),
(256, 'UBCL770221', 'Brandon', 'Castro', 'Nuñez', 0, '2043-08-05', 371),
(257, 'PÑVN060302', 'Lara', 'Castro', 'Andrade', 1, '1985-03-03', 32),
(258, 'QJCN100225', 'Tamara', 'Ortiz', 'Quintero', 1, '1984-07-16', 968),
(259, 'QROH610506', 'Yazmin', 'Dominguez', 'Castro', 1, '1965-01-20', 592),
(260, 'KRFL650412', 'Dilan', 'Quintero', 'Yañez', 0, '0000-00-00', 877),
(261, 'KNOC420706', 'Nestor', 'Esparza', 'Hernandez', 0, '1991-03-10', 815),
(262, 'PÑRD780402', 'Nestor', 'Rosas', 'Fuentes', 0, '2005-06-14', 474),
(263, 'LFLL780116', 'Juan', 'Gonzalez', 'Bautista', 0, '2033-04-27', 240),
(264, 'VTBV170726', 'Beatriz', 'Vazquez', 'Dominguez', 1, '0000-00-00', 561),
(265, 'LTFS150402', 'Yazmin', 'Perez', 'Esparza', 1, '1986-02-23', 905),
(266, 'HHTD240801', 'Carla', 'Perez', 'Gonzalez', 1, '1960-01-14', 706),
(267, 'EWGI110707', 'Dilan', 'Yañez', 'Bautista', 0, '2002-02-09', 791),
(268, 'YXQO840502', 'Julisa', 'Fuentes', 'Zapata', 1, '2016-06-26', 120),
(269, 'KBQF520402', 'Gerardo', 'Tabares', 'Zapata', 0, '2025-08-21', 751),
(270, 'EOJD270205', 'Karla', 'Hernandez', 'Tabares', 1, '2011-05-27', 546),
(271, 'ÑLQW660028', 'Inés', 'Jiménez', 'Ugalde', 1, '1963-02-05', 551),
(272, 'BÑQE300120', 'Beatriz', 'Martinez', 'Dominguez', 1, '1986-03-18', 913),
(273, 'NASÑ580601', 'Brandon', 'Andrade', 'Nuñez', 0, '1974-08-15', 883),
(274, 'UIXT710209', 'Fausto', 'Quintero', 'Zapata', 0, '1988-01-10', 740),
(275, 'SDPR000828', 'Kevin', 'Tabares', 'Vazquez', 0, '1965-02-25', 459),
(276, 'RUCM810012', 'Fabián', 'Martinez', 'Martinez', 0, '0000-00-00', 517),
(277, 'JRSE420116', 'Veronica', 'Vazquez', 'Hernandez', 1, '2017-08-16', 564),
(278, 'ENÑH710207', 'Ofelia', 'Gonzalez', 'Hernandez', 1, '1985-02-08', 566),
(279, 'TCDJ730801', 'Pilar', 'Ugalde', 'Zapata', 1, '1982-05-08', 653),
(280, 'ENBT140714', 'Nely', 'Zapata', 'Nuñez', 1, '1974-08-02', 111),
(281, 'FKIG750120', 'Ursula', 'Dominguez', 'Zapata', 1, '2035-02-12', 893),
(282, 'YKRL840528', 'Kevin', 'Ignacio', 'Lopez', 0, '1996-04-02', 552),
(283, 'PTTW000706', 'Carlos', 'Ugalde', 'Martinez', 0, '1960-02-09', 726),
(284, 'TWMP880309', 'Ian', 'Tabares', 'Gonzalez', 0, '2041-02-16', 170),
(285, 'WBIU310701', 'Hilda', 'Jiménez', 'Ortiz', 1, '1999-04-02', 844),
(286, 'FOLA620811', 'Andrés', 'Nuñez', 'Jiménez', 0, '2025-03-16', 769),
(287, 'JXIE010624', 'Mario', 'Zapata', 'Ignacio', 0, '2016-03-01', 176),
(288, 'WJNV750218', 'Gerardo', 'Nuñez', 'Lopez', 0, '1964-02-20', 976),
(289, 'HRLV170024', 'Kendra', 'Dominguez', 'Ortiz', 1, '2027-06-22', 748),
(290, 'XNSG430517', 'Esther', 'Andrade', 'Ugalde', 1, '2024-03-23', 195),
(291, 'KUQB440621', 'Patricio', 'Fuentes', 'Tabares', 0, '2021-06-02', 546),
(292, 'COFP000311', 'Saul', 'Andrade', 'Fuentes', 0, '1950-01-02', 453),
(293, 'TAKO000022', 'Kendra', 'Vazquez', 'Lopez', 1, '0000-00-00', 718),
(294, 'VWBU880623', 'Normand', 'Ugalde', 'Ignacio', 0, '2011-01-17', 630),
(295, 'GAAS710328', 'Normand', 'Ugalde', 'Tabares', 0, '2029-08-18', 757),
(296, 'XCOS420216', 'Alejandro', 'Dominguez', 'Jiménez', 0, '2023-02-17', 802),
(297, 'UUQW710112', 'Nestor', 'Ugalde', 'Andrade', 0, '1999-02-23', 511),
(298, 'IVTE680111', 'Andrés', 'Gonzalez', 'Fuentes', 0, '2018-04-10', 694),
(299, 'CKLV200105', 'Gabriel', 'Martinez', 'Martinez', 0, '1990-03-18', 131),
(300, 'OGEQ130720', 'Leandro', 'Dominguez', 'Jiménez', 0, '0000-00-00', 474),
(301, 'LFKD370413', 'Ofelia', 'Andrade', 'Castro', 1, '1966-06-01', 337),
(302, 'XYDA780415', 'Ofelia', 'Esparza', 'Vazquez', 1, '2011-06-18', 383),
(303, 'DNPN620514', 'Nestor', 'Andrade', 'Esparza', 0, '2009-03-27', 601),
(304, 'ÑBBB680705', 'Ursula', 'Quintero', 'Nuñez', 1, '0000-00-00', 938),
(305, 'ÑFQA420825', 'Kendra', 'Ignacio', 'Quintero', 1, '0000-00-00', 107),
(306, 'ATCE610712', 'Paul', 'Castro', 'Quintero', 0, '2046-01-28', 689),
(307, 'MÑXM700423', 'Sandra', 'Ortiz', 'Yañez', 1, '0000-00-00', 623),
(308, 'SGYV130524', 'Xochitl', 'Ortiz', 'Tabares', 1, '2042-01-01', 782),
(309, 'RXDP480224', 'Mariann', 'Ortiz', 'Ugalde', 1, '2015-03-22', 620),
(310, 'IKPW510818', 'Saul', 'Lopez', 'Dominguez', 0, '2004-02-12', 796),
(311, 'WKVA260827', 'Fausto', 'Zapata', 'Gonzalez', 0, '1969-03-17', 271),
(312, 'DPKX120125', 'Georgina', 'Ortiz', 'Martinez', 1, '2042-05-04', 620),
(313, 'CWKR740221', 'Maria', 'Dominguez', 'Nuñez', 1, '1967-06-24', 193),
(314, 'NMRI360409', 'Daniela', 'Yañez', 'Martinez', 1, '2042-07-17', 330),
(315, 'MFLX110303', 'Daniel', 'Martinez', 'Martinez', 0, '2002-08-14', 25),
(316, 'LOJM500515', 'Gabriela', 'Esparza', 'Lopez', 1, '2023-07-14', 322),
(317, 'FCYC560123', 'Kevin', 'Nuñez', 'Vazquez', 0, '2011-08-12', 237),
(318, 'LHAH860201', 'Alejandra', 'Jiménez', 'Gonzalez', 1, '0000-00-00', 187),
(319, 'JMMI110206', 'Karla', 'Tabares', 'Martinez', 1, '0000-00-00', 751),
(320, 'HMKM050210', 'Fausto', 'Andrade', 'Vazquez', 0, '0000-00-00', 56),
(321, 'YSMK110404', 'Hortensia', 'Bautista', 'Vazquez', 1, '1972-04-17', 266),
(322, 'LKJM330402', 'Esther', 'Fuentes', 'Jiménez', 1, '1970-03-09', 421),
(323, 'DHÑO230105', 'Gabriela', 'Yañez', 'Tabares', 1, '2011-04-20', 374),
(324, 'WSDN020403', 'Gabriel', 'Andrade', 'Hernandez', 0, '1965-02-14', 649),
(325, 'IÑRV360816', 'Raul', 'Andrade', 'Ignacio', 0, '0000-00-00', 854),
(326, 'YDÑY370423', 'Mariann', 'Ignacio', 'Perez', 1, '2026-06-09', 698),
(327, 'AANW360809', 'Fausto', 'Bautista', 'Vazquez', 0, '2048-02-27', 739),
(328, 'URBJ000208', 'Leandro', 'Nuñez', 'Quintero', 0, '2028-07-07', 760),
(329, 'FRWK000209', 'Iván', 'Vazquez', 'Hernandez', 0, '0000-00-00', 31),
(330, 'FÑEY270415', 'Ian', 'Esparza', 'Gonzalez', 0, '2017-03-22', 820),
(331, 'NKMC870705', 'Mario', 'Fuentes', 'Ortiz', 0, '0000-00-00', 169),
(332, 'FNAP510321', 'Juan', 'Tabares', 'Perez', 0, '1988-04-22', 378),
(333, 'BOAT250301', 'Mario', 'Gonzalez', 'Lopez', 0, '2027-08-14', 620),
(334, 'OTUT040621', 'Alejandro', 'Andrade', 'Quintero', 0, '2009-03-06', 812),
(335, 'HBÑG460318', 'Saul', 'Vazquez', 'Hernandez', 0, '1958-02-22', 205),
(336, 'JVRU260522', 'Braulio', 'Castro', 'Jiménez', 1, '2020-01-01', 129),
(337, 'YQWY230006', 'Pilar', 'Zapata', 'Martinez', 1, '0000-00-00', 15),
(338, 'AIFÑ000020', 'Ian', 'Ortiz', 'Fuentes', 0, '2009-07-12', 80),
(339, 'AHÑG460310', 'Estela', 'Ugalde', 'Martinez', 1, '1957-04-21', 48),
(340, 'RGAB370722', 'Oscar', 'Gonzalez', 'Andrade', 0, '1962-05-08', 900),
(341, 'USRX260810', 'Julia', 'Gonzalez', 'Bautista', 1, '2026-06-06', 905),
(342, 'EVOO010111', 'Estela', 'Ortiz', 'Castro', 1, '2027-01-23', 128),
(343, 'VIJI640317', 'Hilda', 'Fuentes', 'Jiménez', 1, '2016-05-13', 186),
(344, 'XJKA710717', 'Daniel', 'Esparza', 'Vazquez', 0, '2049-07-07', 283),
(345, 'OCEG520106', 'Fabiola', 'Castro', 'Martinez', 1, '1952-04-13', 430),
(346, 'EEJU810323', 'Carmen', 'Dominguez', 'Martinez', 1, '1958-07-15', 349),
(347, 'UYAL280706', 'Mariann', 'Ortiz', 'Lopez', 1, '1984-04-22', 715),
(348, 'UÑXB600028', 'Mateo', 'Hernandez', 'Perez', 0, '2014-01-14', 334),
(349, 'LVXG310416', 'Patricio', 'Ugalde', 'Hernandez', 0, '1958-01-16', 291),
(350, 'DHUT760814', 'Alejandro', 'Dominguez', 'Yañez', 0, '1955-01-22', 377),
(351, 'NNTT680803', 'Efrain', 'Ugalde', 'Dominguez', 0, '1966-08-02', 848),
(352, 'XDOH140327', 'Mariann', 'Bautista', 'Rosas', 1, '1986-07-07', 145),
(353, 'TMFA430808', 'Julia', 'Zapata', 'Rosas', 1, '2038-06-21', 288),
(354, 'PEUP130109', 'Raul', 'Vazquez', 'Dominguez', 0, '2020-01-06', 509),
(355, 'WCTC770727', 'Inés', 'Perez', 'Yañez', 1, '1964-03-08', 118),
(356, 'EWCÑ140207', 'Karla', 'Ortiz', 'Ugalde', 1, '2045-05-28', 738),
(357, 'ÑJUB830501', 'Hortensia', 'Vazquez', 'Zapata', 1, '1979-04-01', 811),
(358, 'XDCW270223', 'Mateo', 'Dominguez', 'Esparza', 0, '1982-06-28', 694),
(359, 'SLRV750408', 'Hugo', 'Rosas', 'Ugalde', 0, '1954-08-11', 775),
(360, 'GLYX080417', 'Leandro', 'Perez', 'Dominguez', 0, '1975-05-07', 773),
(361, 'AÑBK620411', 'Saul', 'Dominguez', 'Castro', 0, '1954-07-28', 765),
(362, 'NCFY480807', 'Inés', 'Zapata', 'Lopez', 1, '0000-00-00', 580),
(363, 'SAWP530001', 'Remedios', 'Gonzalez', 'Tabares', 1, '1969-08-16', 871),
(364, 'VOIT230820', 'Oswaldo', 'Yañez', 'Perez', 0, '1979-06-22', 569),
(365, 'ERBX260226', 'Pilar', 'Andrade', 'Fuentes', 1, '2037-01-12', 438),
(366, 'HPDÑ300801', 'Gerardo', 'Ignacio', 'Rosas', 0, '0000-00-00', 141),
(367, 'FOQC220105', 'Paul', 'Martinez', 'Ortiz', 0, '2003-04-04', 533),
(368, 'VYOH670820', 'Pilar', 'Esparza', 'Gonzalez', 1, '1989-07-26', 946),
(369, 'JYGT030817', 'Alejandro', 'Fuentes', 'Jiménez', 0, '0000-00-00', 815),
(370, 'KNÑT580010', 'Daniel', 'Jiménez', 'Andrade', 0, '2039-01-14', 358),
(371, 'UXXI020721', 'Gerardo', 'Fuentes', 'Yañez', 0, '0000-00-00', 936),
(372, 'BFGO870821', 'Patricia', 'Bautista', 'Yañez', 1, '2038-03-25', 383),
(373, 'OHEV870624', 'Hilda', 'Ignacio', 'Ortiz', 1, '0000-00-00', 824),
(374, 'WMQM820203', 'Fabián', 'Vazquez', 'Fuentes', 0, '2033-07-18', 474),
(375, 'VGEP610220', 'Hilda', 'Quintero', 'Vazquez', 1, '2027-06-12', 462),
(376, 'GMIQ880528', 'Benito', 'Rosas', 'Yañez', 0, '2023-01-02', 992),
(377, 'IKWY320616', 'Andrés', 'Jiménez', 'Yañez', 0, '2010-03-18', 35),
(378, 'JGYN660725', 'Xochitl', 'Tabares', 'Rosas', 1, '2008-03-03', 313),
(379, 'DQPR750224', 'Fernanda', 'Gonzalez', 'Bautista', 1, '2046-03-20', 549),
(380, 'RVVÑ500716', 'Mateo', 'Dominguez', 'Jiménez', 0, '2039-01-09', 804),
(381, 'LMSN760421', 'Luís', 'Quintero', 'Jiménez', 0, '0000-00-00', 289),
(382, 'AÑJA240707', 'Ursula', 'Lopez', 'Hernandez', 1, '1985-01-25', 165),
(383, 'TITÑ110527', 'Braulio', 'Jiménez', 'Esparza', 1, '1961-07-14', 734),
(384, 'QAKD010604', 'Fernanda', 'Bautista', 'Jiménez', 1, '1998-07-20', 878),
(385, 'DLCX380812', 'Georgina', 'Zapata', 'Gonzalez', 1, '0000-00-00', 779),
(386, 'NADJ560217', 'Mateo', 'Bautista', 'Nuñez', 0, '0000-00-00', 738),
(387, 'UUBF670121', 'Nely', 'Ugalde', 'Jiménez', 1, '1953-01-20', 391),
(388, 'SEGR410018', 'Gabriel', 'Yañez', 'Nuñez', 0, '0000-00-00', 723),
(389, 'XSXX620726', 'Hugo', 'Lopez', 'Yañez', 0, '0000-00-00', 62),
(390, 'DÑKT340225', 'Esther', 'Esparza', 'Ignacio', 1, '2029-08-01', 674),
(391, 'DVBQ660518', 'Nestor', 'Fuentes', 'Ignacio', 0, '2017-01-24', 652),
(392, 'BDMX200005', 'Estela', 'Zapata', 'Ignacio', 1, '1999-08-14', 536),
(393, 'IDSI520416', 'Daniel', 'Jiménez', 'Rosas', 0, '1961-02-07', 521),
(394, 'VÑNG070214', 'Ivana', 'Rosas', 'Perez', 1, '0000-00-00', 138),
(395, 'LLSS130018', 'Daniel', 'Andrade', 'Dominguez', 0, '1967-03-13', 25),
(396, 'HDMK770121', 'Iván', 'Yañez', 'Quintero', 0, '1974-02-28', 760),
(397, 'RLFL880413', 'Ofelia', 'Quintero', 'Nuñez', 1, '1974-08-15', 767),
(398, 'QDTM200015', 'Remedios', 'Hernandez', 'Bautista', 1, '2004-05-10', 966),
(399, 'ALCK510612', 'Kevin', 'Esparza', 'Quintero', 0, '1971-06-05', 203),
(400, 'ÑVÑQ300115', 'Pilar', 'Lopez', 'Ortiz', 1, '2038-01-24', 452),
(401, 'EQGN050006', 'Hilda', 'Ignacio', 'Hernandez', 1, '1982-01-09', 473),
(402, 'BÑEQ720026', 'Carmen', 'Ugalde', 'Rosas', 1, '2000-07-16', 882),
(403, 'YÑCW420608', 'Raul', 'Andrade', 'Nuñez', 0, '1994-02-18', 563),
(404, 'FKDF810408', 'Normand', 'Dominguez', 'Nuñez', 0, '1952-04-18', 972),
(405, 'HIÑÑ320825', 'Karla', 'Perez', 'Jiménez', 1, '2038-03-22', 166),
(406, 'GFJB860608', 'Georgina', 'Fuentes', 'Nuñez', 1, '0000-00-00', 285),
(407, 'GJWW620216', 'Fausto', 'Gonzalez', 'Nuñez', 0, '1966-01-08', 858),
(408, 'HELJ350702', 'Nely', 'Nuñez', 'Dominguez', 1, '2036-06-21', 493),
(409, 'VIUW610801', 'Carmen', 'Jiménez', 'Ortiz', 1, '1999-06-25', 444),
(410, 'YJSE300704', 'Hortensia', 'Ugalde', 'Bautista', 1, '1988-07-15', 94),
(411, 'ÑHIH350224', 'Juan', 'Gonzalez', 'Bautista', 0, '2049-07-24', 598),
(412, 'BVNL780201', 'Saul', 'Ortiz', 'Castro', 0, '2029-03-17', 811),
(413, 'OUÑO020216', 'Brandon', 'Vazquez', 'Castro', 0, '2020-02-25', 146),
(414, 'YOUD350311', 'Diana', 'Yañez', 'Ugalde', 1, '2049-05-03', 171),
(415, 'SKMN320516', 'Daniel', 'Castro', 'Fuentes', 0, '2046-02-04', 625),
(416, 'EMNY780616', 'Cesar', 'Castro', 'Perez', 0, '2036-06-13', 995),
(417, 'RLAJ140306', 'Normand', 'Jiménez', 'Ortiz', 0, '2032-02-11', 958),
(418, 'XKÑQ510605', 'Georgina', 'Gonzalez', 'Tabares', 1, '1989-08-10', 799),
(419, 'DADY320113', 'Beatriz', 'Perez', 'Vazquez', 1, '1996-07-25', 379),
(420, 'WHPQ640628', 'Fernanda', 'Martinez', 'Fuentes', 1, '0000-00-00', 331),
(421, 'WEFF770101', 'Esteban', 'Lopez', 'Martinez', 0, '0000-00-00', 960),
(422, 'DTAR570721', 'Lara', 'Nuñez', 'Zapata', 1, '2032-06-20', 735),
(423, 'NJSM570004', 'Patricio', 'Martinez', 'Bautista', 0, '2015-01-20', 352),
(424, 'CQKB840001', 'Paul', 'Bautista', 'Vazquez', 0, '2036-03-12', 95),
(425, 'OABX160823', 'Rubén', 'Rosas', 'Vazquez', 0, '2010-01-08', 617),
(426, 'OKCI810803', 'Ofelia', 'Perez', 'Tabares', 1, '2039-07-13', 322),
(427, 'PUGJ320715', 'Andrés', 'Andrade', 'Ignacio', 0, '2023-08-02', 240),
(428, 'WKEN170524', 'Daniel', 'Perez', 'Jiménez', 0, '2049-04-20', 644),
(429, 'TAKD110303', 'Efrain', 'Tabares', 'Jiménez', 0, '1969-02-02', 712),
(430, 'YWNX620217', 'Mario', 'Fuentes', 'Fuentes', 0, '1953-05-24', 176),
(431, 'VÑYV130323', 'Luisa', 'Bautista', 'Martinez', 1, '2017-04-22', 277),
(432, 'NFIU330623', 'Gabriela', 'Rosas', 'Quintero', 1, '1953-02-28', 312),
(433, 'ÑHDW510426', 'Julia', 'Bautista', 'Tabares', 1, '2009-01-13', 715),
(434, 'WJTO450112', 'Tadeo', 'Bautista', 'Jiménez', 0, '1962-03-03', 929),
(435, 'BITF550318', 'Julisa', 'Rosas', 'Martinez', 1, '0000-00-00', 273),
(436, 'PDPR170828', 'Benito', 'Ortiz', 'Perez', 0, '0000-00-00', 634),
(437, 'PFGK230618', 'Ivana', 'Bautista', 'Nuñez', 1, '2004-08-09', 102),
(438, 'XENH840615', 'Ana', 'Esparza', 'Yañez', 1, '2038-07-27', 551),
(439, 'QUNQ430310', 'Nestor', 'Dominguez', 'Bautista', 0, '0000-00-00', 829),
(440, 'WHHH820025', 'Ian', 'Martinez', 'Dominguez', 0, '2009-05-01', 381),
(441, 'WRHX360607', 'Rosa', 'Gonzalez', 'Hernandez', 1, '2014-03-14', 104),
(442, 'HCUL280320', 'Fabián', 'Nuñez', 'Rosas', 0, '2018-07-03', 726),
(443, 'ELVV810226', 'Gabriel', 'Esparza', 'Ignacio', 0, '1970-01-23', 257),
(444, 'BCAP730404', 'Julia', 'Rosas', 'Tabares', 1, '2026-03-20', 911),
(445, 'XSFT860404', 'Rosa', 'Quintero', 'Ugalde', 1, '2018-03-13', 412),
(446, 'WMVY430718', 'Diana', 'Bautista', 'Quintero', 1, '2049-04-24', 801),
(447, 'GKKJ030323', 'Ofelia', 'Quintero', 'Tabares', 1, '1980-02-22', 682),
(448, 'XVWQ640417', 'Alejandro', 'Vazquez', 'Ortiz', 0, '2035-07-22', 338),
(449, 'LXYR260712', 'Leandro', 'Rosas', 'Yañez', 0, '2013-04-10', 306),
(450, 'HWMS020728', 'Yazmin', 'Tabares', 'Yañez', 1, '1970-04-02', 801),
(451, 'DXTA300313', 'Daniela', 'Hernandez', 'Gonzalez', 1, '1954-07-14', 837),
(452, 'MILP680412', 'Kendra', 'Hernandez', 'Tabares', 1, '2026-07-11', 17),
(453, 'QFPF520009', 'Saul', 'Ignacio', 'Yañez', 0, '2027-08-06', 745),
(454, 'WAIS810707', 'Alejandra', 'Lopez', 'Esparza', 1, '1970-06-10', 13),
(455, 'YLOL680626', 'Luisa', 'Andrade', 'Martinez', 1, '2029-08-21', 55),
(456, 'LEDE560214', 'Esther', 'Hernandez', 'Quintero', 1, '2015-03-11', 848),
(457, 'VÑSM750805', 'Tadeo', 'Ortiz', 'Martinez', 0, '2004-02-14', 878),
(458, 'EÑNJ130516', 'Ursula', 'Jiménez', 'Vazquez', 1, '1974-06-23', 624),
(459, 'QNDG250627', 'Dilan', 'Vazquez', 'Zapata', 0, '1963-07-02', 945),
(460, 'YKHY140603', 'Lara', 'Ortiz', 'Quintero', 1, '2037-07-17', 890),
(461, 'QDQV380102', 'Cesar', 'Ortiz', 'Vazquez', 0, '1999-04-05', 515),
(462, 'APFM600123', 'Julisa', 'Zapata', 'Ortiz', 1, '2008-03-23', 947),
(463, 'RÑML840804', 'Normand', 'Andrade', 'Esparza', 0, '2030-04-14', 265),
(464, 'ACMY250602', 'Fausto', 'Yañez', 'Vazquez', 0, '2043-08-13', 795),
(465, 'LJBG840126', 'Oscar', 'Perez', 'Yañez', 0, '0000-00-00', 26),
(466, 'AKSW570017', 'Julia', 'Gonzalez', 'Gonzalez', 1, '1995-08-27', 689),
(467, 'IUGI830715', 'Oswaldo', 'Lopez', 'Vazquez', 0, '2017-03-22', 482),
(468, 'SÑHA470802', 'Benito', 'Ignacio', 'Martinez', 0, '1952-03-13', 564),
(469, 'QYFA760724', 'Alejandra', 'Tabares', 'Hernandez', 1, '2010-05-26', 188),
(470, 'JVHN830408', 'Inés', 'Yañez', 'Bautista', 1, '2023-06-03', 806),
(471, 'YRCB370401', 'Saul', 'Ignacio', 'Ignacio', 0, '2047-04-01', 528),
(472, 'OILH130009', 'Leandro', 'Zapata', 'Quintero', 0, '2007-03-27', 108),
(473, 'CÑÑU440617', 'Beatriz', 'Zapata', 'Perez', 1, '1989-07-21', 472),
(474, 'YWIC470428', 'Lara', 'Nuñez', 'Ortiz', 1, '1950-07-13', 410),
(475, 'VJBI260127', 'Remedios', 'Castro', 'Castro', 1, '2007-04-13', 243),
(476, 'FGHH150415', 'Normand', 'Tabares', 'Ignacio', 0, '1984-02-03', 136),
(477, 'HYER560308', 'Ubaldo', 'Andrade', 'Lopez', 0, '2017-05-28', 269),
(478, 'QQRB330128', 'Veronica', 'Esparza', 'Lopez', 1, '1982-07-17', 252),
(479, 'SDMQ610109', 'Karla', 'Jiménez', 'Zapata', 1, '2006-05-23', 12),
(480, 'KHAB070314', 'Alejandro', 'Vazquez', 'Andrade', 0, '2002-04-23', 850),
(481, 'NVKM230405', 'Benito', 'Jiménez', 'Martinez', 0, '2022-04-16', 563),
(482, 'PFÑF730023', 'Carla', 'Esparza', 'Martinez', 1, '1979-04-22', 267),
(483, 'DQAF520526', 'Yazmin', 'Andrade', 'Bautista', 1, '2033-04-08', 92),
(484, 'TWSK670628', 'Rubén', 'Nuñez', 'Bautista', 0, '0000-00-00', 967),
(485, 'KÑEC360402', 'Hilda', 'Hernandez', 'Vazquez', 1, '1962-02-24', 539),
(486, 'PFLT680502', 'Rosa', 'Gonzalez', 'Martinez', 1, '2041-08-08', 683),
(487, 'KAIU570408', 'Raul', 'Tabares', 'Martinez', 0, '1951-03-07', 135),
(488, 'GRQK800322', 'Gerardo', 'Esparza', 'Perez', 0, '1966-01-08', 547),
(489, 'RSYÑ580104', 'Veronica', 'Vazquez', 'Andrade', 1, '2032-06-07', 639),
(490, 'UGPA100722', 'Ivana', 'Perez', 'Rosas', 1, '2028-04-17', 203),
(491, 'GTHR770216', 'Juan', 'Nuñez', 'Ugalde', 0, '1980-05-18', 393),
(492, 'KWXP640728', 'Carlos', 'Ugalde', 'Tabares', 0, '2034-02-07', 143),
(493, 'TTEM100313', 'Esther', 'Quintero', 'Yañez', 1, '0000-00-00', 552),
(494, 'BYSS010223', 'Braulio', 'Ortiz', 'Castro', 1, '2046-08-24', 747),
(495, 'PSÑL050326', 'Georgina', 'Perez', 'Gonzalez', 1, '2029-06-07', 122),
(496, 'TXNT410801', 'Andrés', 'Gonzalez', 'Jiménez', 0, '2037-05-14', 771),
(497, 'OJWN460524', 'Ivana', 'Bautista', 'Lopez', 1, '1966-04-02', 649),
(498, 'UVFQ060209', 'Carlos', 'Vazquez', 'Rosas', 0, '1974-08-22', 267),
(499, 'NYHJ140822', 'Hortensia', 'Ortiz', 'Perez', 1, '2009-04-24', 680),
(500, 'XWCC000211', 'Gabriela', 'Dominguez', 'Zapata', 1, '2028-08-20', 183),
(501, 'VGOI760003', 'Inés', 'Hernandez', 'Fuentes', 1, '2027-06-01', 365),
(502, 'UXCN880318', 'Estela', 'Gonzalez', 'Lopez', 1, '1963-05-13', 118),
(503, 'DABR110808', 'Sandra', 'Castro', 'Castro', 1, '1995-01-20', 804),
(504, 'JHOB300704', 'Daniel', 'Quintero', 'Ugalde', 0, '2045-05-13', 976),
(505, 'DGYF450718', 'Cesar', 'Ignacio', 'Yañez', 0, '1994-04-23', 10),
(506, 'FCHX830224', 'Fabiola', 'Ortiz', 'Yañez', 1, '1963-08-15', 511),
(507, 'HTJS400011', 'Oswaldo', 'Ugalde', 'Lopez', 0, '1976-01-03', 592),
(508, 'DIYA170013', 'Lara', 'Zapata', 'Quintero', 1, '1962-05-10', 997),
(509, 'VAPQ610701', 'Julia', 'Andrade', 'Hernandez', 1, '0000-00-00', 534),
(510, 'HHGM010714', 'Efrain', 'Ortiz', 'Quintero', 0, '2034-05-15', 513),
(511, 'CRER430814', 'Julisa', 'Quintero', 'Tabares', 1, '2045-03-23', 669),
(512, 'UQOA230524', 'Carlos', 'Esparza', 'Ugalde', 0, '2016-03-02', 579),
(513, 'KÑVI300528', 'Julisa', 'Bautista', 'Tabares', 1, '1994-01-21', 724),
(514, 'SEOW630312', 'Lara', 'Ortiz', 'Dominguez', 1, '1978-01-13', 134),
(515, 'PEUA360310', 'Alejandro', 'Perez', 'Zapata', 0, '1982-06-11', 44),
(516, 'ÑYQM830106', 'Paul', 'Perez', 'Dominguez', 0, '2012-07-21', 91),
(517, 'CYQT740408', 'Esteban', 'Ignacio', 'Ugalde', 0, '2027-04-28', 350),
(518, 'VDLS600018', 'Braulio', 'Nuñez', 'Vazquez', 1, '1957-07-21', 963),
(519, 'EMEY500503', 'Veronica', 'Hernandez', 'Perez', 1, '1976-08-26', 164),
(520, 'SLRE400309', 'Julio', 'Bautista', 'Esparza', 0, '2012-06-18', 294),
(521, 'ELNB430521', 'Ofelia', 'Quintero', 'Andrade', 1, '1970-05-01', 745),
(522, 'UFWM430506', 'Estela', 'Ortiz', 'Ignacio', 1, '2031-05-24', 881),
(523, 'HADV480322', 'Benito', 'Castro', 'Rosas', 0, '2039-02-14', 655),
(524, 'WHÑB570802', 'Fausto', 'Andrade', 'Dominguez', 0, '1991-08-16', 30),
(525, 'QHHW770205', 'Luisa', 'Ignacio', 'Nuñez', 1, '2034-06-14', 330),
(526, 'BQDR210206', 'Juan', 'Ugalde', 'Dominguez', 0, '1986-08-01', 335),
(527, 'NDJN010005', 'Andrés', 'Martinez', 'Martinez', 0, '1964-06-28', 251),
(528, 'WNSM650326', 'Hortensia', 'Dominguez', 'Jiménez', 1, '1989-08-08', 712),
(529, 'LVHH430717', 'Daniel', 'Yañez', 'Quintero', 0, '1988-08-12', 586),
(530, 'RNUR750320', 'Hilda', 'Castro', 'Lopez', 1, '1978-07-18', 683),
(531, 'YWKJ440727', 'Braulio', 'Castro', 'Quintero', 1, '1967-06-08', 425),
(532, 'PIMB140825', 'Iván', 'Ortiz', 'Gonzalez', 0, '2020-01-09', 143),
(533, 'CGEM820608', 'Cesar', 'Gonzalez', 'Andrade', 0, '1999-01-09', 955),
(534, 'ILSM040308', 'Julisa', 'Quintero', 'Rosas', 1, '1965-08-14', 101),
(535, 'KRVV040715', 'Veronica', 'Nuñez', 'Gonzalez', 1, '0000-00-00', 201),
(536, 'XUOV170717', 'Alejandro', 'Tabares', 'Rosas', 0, '1985-03-02', 139),
(537, 'RHAP000427', 'Tamara', 'Gonzalez', 'Ignacio', 1, '2037-08-17', 192),
(538, 'ÑYPV180820', 'Julia', 'Tabares', 'Lopez', 1, '1963-04-02', 559),
(539, 'BXEL550117', 'Ian', 'Zapata', 'Vazquez', 0, '2012-02-04', 663),
(540, 'UMMQ470003', 'Fabián', 'Martinez', 'Fuentes', 0, '0000-00-00', 481),
(541, 'RIIL130108', 'Kendra', 'Martinez', 'Hernandez', 1, '1984-02-22', 658),
(542, 'SWTD030205', 'Luisa', 'Jiménez', 'Bautista', 1, '1982-03-09', 361),
(543, 'OGJQ320604', 'Gabriela', 'Gonzalez', 'Bautista', 1, '2001-03-13', 653),
(544, 'GVUI100404', 'Hilda', 'Tabares', 'Quintero', 1, '2028-05-06', 674),
(545, 'UWJA440326', 'Juan', 'Jiménez', 'Dominguez', 0, '0000-00-00', 48),
(546, 'CUNW370820', 'Kevin', 'Rosas', 'Yañez', 0, '1986-05-07', 755),
(547, 'DCII330326', 'Hugo', 'Gonzalez', 'Fuentes', 0, '1993-02-10', 162),
(548, 'BDJU200011', 'Manuel', 'Nuñez', 'Zapata', 0, '1985-03-15', 27),
(549, 'SLVW680821', 'Carmen', 'Bautista', 'Bautista', 1, '0000-00-00', 68),
(550, 'KGBI550222', 'Cesar', 'Yañez', 'Lopez', 0, '2044-04-18', 108),
(551, 'ÑÑFH150020', 'Patricio', 'Ugalde', 'Rosas', 0, '2005-01-17', 911),
(552, 'GRMY730501', 'Gerardo', 'Esparza', 'Lopez', 0, '1976-04-16', 546),
(553, 'UEQL160614', 'Leandro', 'Perez', 'Perez', 0, '1984-01-18', 546),
(554, 'INDM760418', 'Sandra', 'Ignacio', 'Perez', 1, '1992-06-27', 145),
(555, 'ERHK150024', 'Julisa', 'Quintero', 'Zapata', 1, '1971-02-03', 626),
(556, 'VRTR830302', 'Juan', 'Ignacio', 'Ortiz', 0, '2022-04-21', 150),
(557, 'YKNY070425', 'Benito', 'Bautista', 'Ortiz', 0, '2048-05-11', 493),
(558, 'JLJI810304', 'Mateo', 'Nuñez', 'Yañez', 0, '1987-06-21', 757),
(559, 'IKVO440506', 'Remedios', 'Yañez', 'Ugalde', 1, '2017-07-02', 499),
(560, 'SWKS730710', 'Raul', 'Bautista', 'Zapata', 0, '1971-02-07', 695),
(561, 'GJRU560713', 'Kendra', 'Ignacio', 'Martinez', 1, '2020-08-11', 598),
(562, 'JWES450502', 'Juan', 'Gonzalez', 'Lopez', 0, '1987-06-03', 873),
(563, 'RDPF280522', 'Ian', 'Dominguez', 'Tabares', 0, '2044-08-22', 347),
(564, 'FVNC600822', 'Gerardo', 'Bautista', 'Nuñez', 0, '2036-05-18', 319),
(565, 'PVXU320202', 'Ursula', 'Ortiz', 'Ortiz', 1, '2048-02-18', 665),
(566, 'SPHA230614', 'Oscar', 'Fuentes', 'Bautista', 0, '2003-01-20', 905),
(567, 'EPKJ740504', 'Hilda', 'Bautista', 'Ortiz', 1, '2036-02-18', 960),
(568, 'OBLT520309', 'Normand', 'Bautista', 'Rosas', 0, '2032-05-06', 604),
(569, 'NLYÑ150108', 'Gabriel', 'Gonzalez', 'Castro', 0, '1964-08-24', 500),
(570, 'YRIQ210427', 'Ian', 'Lopez', 'Nuñez', 0, '1986-05-09', 250),
(571, 'NQSV720011', 'Esther', 'Quintero', 'Vazquez', 1, '1969-07-25', 135),
(572, 'KCYO620824', 'Kendra', 'Vazquez', 'Ignacio', 1, '1972-07-06', 54),
(573, 'MFTF510014', 'Estela', 'Rosas', 'Perez', 1, '0000-00-00', 726),
(574, 'EQHK760214', 'Carlos', 'Quintero', 'Ignacio', 0, '1992-05-05', 363),
(575, 'YFLO860322', 'Kevin', 'Fuentes', 'Esparza', 0, '1960-08-05', 910),
(576, 'SMGT270117', 'Remedios', 'Castro', 'Jiménez', 1, '1960-05-01', 386),
(577, 'UIBN040425', 'Julia', 'Ignacio', 'Esparza', 1, '1971-08-06', 49),
(578, 'UJÑQ300425', 'Kevin', 'Ugalde', 'Ugalde', 0, '1973-08-01', 899),
(579, 'GYSK730209', 'Mariann', 'Tabares', 'Martinez', 1, '2003-02-23', 486),
(580, 'BHWC480314', 'Sandra', 'Jiménez', 'Perez', 1, '0000-00-00', 141),
(581, 'DXKV070015', 'Gabriel', 'Ugalde', 'Lopez', 0, '1952-04-27', 466),
(582, 'JUWG310106', 'Carmen', 'Esparza', 'Andrade', 1, '0000-00-00', 416),
(583, 'KMGF580206', 'Saul', 'Yañez', 'Martinez', 0, '2049-03-15', 339),
(584, 'IUXQ080505', 'Ofelia', 'Vazquez', 'Fuentes', 1, '1976-01-22', 112),
(585, 'SFEJ270302', 'Jose', 'Ortiz', 'Dominguez', 0, '2026-08-20', 905),
(586, 'IOÑH130627', 'Hortensia', 'Vazquez', 'Jiménez', 1, '1997-04-18', 150),
(587, 'NIUU570516', 'Kevin', 'Rosas', 'Martinez', 0, '1976-05-04', 20),
(588, 'LBNX350718', 'Ofelia', 'Quintero', 'Ignacio', 1, '1999-08-26', 84),
(589, 'ÑFÑÑ620411', 'Saul', 'Castro', 'Andrade', 0, '2015-07-26', 817),
(590, 'XAÑT050608', 'Ivana', 'Esparza', 'Fuentes', 1, '0000-00-00', 351),
(591, 'WVAX230226', 'Carmen', 'Vazquez', 'Ortiz', 1, '2003-06-12', 161),
(592, 'CMOS750323', 'Iván', 'Yañez', 'Castro', 0, '1981-01-09', 397),
(593, 'AIJA220823', 'Pilar', 'Dominguez', 'Ignacio', 1, '1990-08-04', 204),
(594, 'PBHD130020', 'Fausto', 'Rosas', 'Vazquez', 0, '1987-05-22', 688),
(595, 'ELPW500005', 'Daniel', 'Nuñez', 'Ortiz', 0, '1987-05-08', 150),
(596, 'AQQO540528', 'Brandon', 'Rosas', 'Castro', 0, '0000-00-00', 817),
(597, 'CNLD150505', 'Ubaldo', 'Jiménez', 'Castro', 0, '1967-08-28', 588),
(598, 'QBDD040225', 'Dilan', 'Rosas', 'Quintero', 0, '2015-08-02', 222),
(599, 'CQOÑ710513', 'Yazmin', 'Ugalde', 'Esparza', 1, '1972-05-21', 18),
(600, 'GVFR010509', 'Mateo', 'Martinez', 'Ignacio', 0, '0000-00-00', 233),
(601, 'ISKF070421', 'Hilda', 'Tabares', 'Andrade', 1, '1960-04-15', 424),
(602, 'VIEI180512', 'Julisa', 'Fuentes', 'Zapata', 1, '1995-07-02', 445),
(603, 'VLDS560314', 'Saul', 'Tabares', 'Bautista', 0, '2020-08-24', 9),
(604, 'GRII330421', 'Inés', 'Nuñez', 'Fuentes', 1, '1974-04-28', 660),
(605, 'LTDT640010', 'Saul', 'Lopez', 'Andrade', 0, '1955-05-27', 455),
(606, 'QFGÑ670514', 'Raul', 'Jiménez', 'Perez', 0, '2025-08-16', 877),
(607, 'MDGF540320', 'Oscar', 'Zapata', 'Ortiz', 0, '0000-00-00', 333),
(608, 'BXSD530111', 'Lara', 'Martinez', 'Ignacio', 1, '2007-07-03', 70),
(609, 'PPLW660518', 'Mario', 'Vazquez', 'Nuñez', 0, '1954-08-01', 502),
(610, 'QABX580609', 'Julio', 'Martinez', 'Martinez', 0, '1962-06-02', 747),
(611, 'QDLC730509', 'Oscar', 'Yañez', 'Quintero', 0, '0000-00-00', 631),
(612, 'TWLÑ140815', 'Dilan', 'Tabares', 'Hernandez', 0, '0000-00-00', 528),
(613, 'XRVV760407', 'Alejandra', 'Vazquez', 'Perez', 1, '2028-03-16', 203),
(614, 'EYMC740408', 'Daniel', 'Gonzalez', 'Jiménez', 0, '2024-04-20', 222),
(615, 'KXSI280428', 'Rosa', 'Tabares', 'Rosas', 1, '2021-06-04', 608),
(616, 'MHPI630310', 'Patricia', 'Hernandez', 'Castro', 1, '2029-05-23', 153),
(617, 'PÑKY810727', 'Kevin', 'Ugalde', 'Gonzalez', 0, '2035-03-11', 191),
(618, 'VKVR640705', 'Nestor', 'Quintero', 'Quintero', 0, '2012-06-11', 713),
(619, 'JKCH140204', 'Alejandro', 'Tabares', 'Andrade', 0, '2025-06-20', 376),
(620, 'NVXV100304', 'Ian', 'Hernandez', 'Tabares', 0, '1955-05-04', 389),
(621, 'JGEO320601', 'Daniela', 'Vazquez', 'Ortiz', 1, '1965-01-04', 212),
(622, 'KGVL060510', 'Fabián', 'Lopez', 'Ignacio', 0, '2019-07-21', 744),
(623, 'BOUE560301', 'Pilar', 'Gonzalez', 'Hernandez', 1, '1964-07-06', 977),
(624, 'DCHC520624', 'Mateo', 'Perez', 'Tabares', 0, '0000-00-00', 99),
(625, 'NHGH810314', 'Luís', 'Perez', 'Ignacio', 0, '2038-02-06', 683),
(626, 'MSCE250404', 'Ana', 'Tabares', 'Castro', 1, '1964-03-02', 892),
(627, 'NWPH310221', 'Braulio', 'Jiménez', 'Rosas', 1, '2034-01-09', 604),
(628, 'JRWW010023', 'Oswaldo', 'Tabares', 'Castro', 0, '1984-03-03', 970),
(629, 'NIÑG660610', 'Pilar', 'Dominguez', 'Yañez', 1, '2028-06-24', 197),
(630, 'ÑÑAG660108', 'Dilan', 'Martinez', 'Perez', 0, '2006-04-12', 284),
(631, 'YMRK580514', 'Carla', 'Gonzalez', 'Quintero', 1, '2040-06-18', 10),
(632, 'JÑEC330208', 'Benito', 'Ugalde', 'Hernandez', 0, '2020-08-01', 736),
(633, 'UNSU300615', 'Paul', 'Esparza', 'Tabares', 0, '2044-03-12', 465),
(634, 'BTAT580324', 'Beatriz', 'Andrade', 'Zapata', 1, '1981-03-09', 168),
(635, 'BDGX300307', 'Iván', 'Tabares', 'Ignacio', 0, '1956-04-04', 607),
(636, 'AFEW720621', 'Ian', 'Andrade', 'Ugalde', 0, '2036-07-21', 719),
(637, 'LCBL880107', 'Pilar', 'Vazquez', 'Quintero', 1, '2035-08-07', 198),
(638, 'JQTI840623', 'Kendra', 'Hernandez', 'Ugalde', 1, '2028-02-26', 52),
(639, 'STBF380117', 'Fabián', 'Bautista', 'Hernandez', 0, '2032-03-22', 762),
(640, 'YPOE240508', 'Ursula', 'Vazquez', 'Jiménez', 1, '2036-05-09', 183),
(641, 'SGHH000425', 'Beatriz', 'Andrade', 'Zapata', 1, '1959-06-03', 439),
(642, 'CIOQ420714', 'Maria', 'Castro', 'Jiménez', 1, '2031-06-23', 899),
(643, 'DRSN240706', 'Ivana', 'Lopez', 'Gonzalez', 1, '0000-00-00', 779),
(644, 'XUCB280803', 'Patricia', 'Lopez', 'Esparza', 1, '0000-00-00', 9),
(645, 'VYSU460022', 'Esteban', 'Zapata', 'Yañez', 0, '1964-01-16', 821),
(646, 'NMXJ050227', 'Karla', 'Gonzalez', 'Castro', 1, '1951-08-07', 903),
(647, 'TXWF480104', 'Xochitl', 'Esparza', 'Esparza', 1, '0000-00-00', 76),
(648, 'KQRE480618', 'Saul', 'Rosas', 'Castro', 0, '0000-00-00', 182),
(649, 'ÑAHT420614', 'Kevin', 'Zapata', 'Andrade', 0, '2039-03-13', 284),
(650, 'UEED600313', 'Cesar', 'Fuentes', 'Gonzalez', 0, '1979-01-26', 316),
(651, 'YÑTP470109', 'Juan', 'Ortiz', 'Tabares', 0, '1956-04-04', 50),
(652, 'RMLÑ840428', 'Mario', 'Hernandez', 'Perez', 0, '0000-00-00', 598),
(653, 'ÑGJY700717', 'Carlos', 'Perez', 'Esparza', 0, '1978-03-06', 722),
(654, 'RVÑV400707', 'Esteban', 'Nuñez', 'Hernandez', 0, '1972-02-24', 856),
(655, 'NHEF760728', 'Rubén', 'Ugalde', 'Vazquez', 0, '0000-00-00', 135),
(656, 'ITIW650025', 'Luisa', 'Jiménez', 'Vazquez', 1, '1978-04-08', 684),
(657, 'IQDU200817', 'Paul', 'Yañez', 'Castro', 0, '2017-08-10', 72),
(658, 'CLCU700703', 'Georgina', 'Ugalde', 'Vazquez', 1, '2011-04-23', 167),
(659, 'JXMD310107', 'Patricia', 'Hernandez', 'Perez', 1, '2021-04-01', 556),
(660, 'QATO440813', 'Remedios', 'Zapata', 'Castro', 1, '2049-03-25', 337),
(661, 'IBÑK360022', 'Alejandra', 'Ignacio', 'Perez', 1, '1975-04-18', 351),
(662, 'PEWG440113', 'Oscar', 'Ortiz', 'Yañez', 0, '0000-00-00', 861),
(663, 'WSFL370810', 'Xochitl', 'Tabares', 'Fuentes', 1, '1952-01-02', 264),
(664, 'DEOF570828', 'Saul', 'Yañez', 'Nuñez', 0, '2011-03-04', 680),
(665, 'VGNM030023', 'Luisa', 'Perez', 'Bautista', 1, '1975-08-10', 129),
(666, 'UXNB700415', 'Normand', 'Vazquez', 'Gonzalez', 0, '1965-07-07', 611),
(667, 'BIVN500011', 'Carmen', 'Zapata', 'Rosas', 1, '1988-05-28', 573),
(668, 'ÑÑYO070308', 'Manuel', 'Yañez', 'Yañez', 0, '1966-02-22', 128),
(669, 'DBCX630520', 'Gabriel', 'Quintero', 'Fuentes', 0, '0000-00-00', 941),
(670, 'MUMG250422', 'Julia', 'Fuentes', 'Dominguez', 1, '2041-05-03', 824),
(671, 'XBRA310228', 'Hortensia', 'Lopez', 'Esparza', 1, '2022-07-25', 980),
(672, 'YPNÑ340718', 'Veronica', 'Zapata', 'Quintero', 1, '1985-01-07', 283),
(673, 'BARB130209', 'Alejandra', 'Vazquez', 'Gonzalez', 1, '2032-02-26', 151),
(674, 'HUVE520324', 'Manuel', 'Fuentes', 'Quintero', 0, '2008-01-21', 368),
(675, 'NOFK270628', 'Nestor', 'Andrade', 'Andrade', 0, '1953-01-21', 685),
(676, 'SKYY050214', 'Fabián', 'Perez', 'Martinez', 0, '2039-05-04', 132),
(677, 'IDJL450704', 'Oswaldo', 'Tabares', 'Jiménez', 0, '1982-05-06', 744),
(678, 'KYJÑ880222', 'Estela', 'Jiménez', 'Tabares', 1, '0000-00-00', 876),
(679, 'OBQO560021', 'Efrain', 'Lopez', 'Rosas', 0, '2043-03-03', 295),
(680, 'YNWR850222', 'Ana', 'Fuentes', 'Fuentes', 1, '2038-05-13', 66),
(681, 'ECER580113', 'Mariann', 'Andrade', 'Ugalde', 1, '1952-05-26', 571),
(682, 'BÑCK710026', 'Leandro', 'Ortiz', 'Bautista', 0, '2021-06-21', 109),
(683, 'ALAL270709', 'Tamara', 'Castro', 'Quintero', 1, '0000-00-00', 221),
(684, 'KUPW800810', 'Hortensia', 'Dominguez', 'Zapata', 1, '2025-05-12', 224),
(685, 'INHO350301', 'Beatriz', 'Ugalde', 'Lopez', 1, '1983-05-02', 524),
(686, 'NRVS400820', 'Gerardo', 'Zapata', 'Tabares', 0, '2033-04-14', 892),
(687, 'CJYG450402', 'Benito', 'Zapata', 'Ignacio', 0, '1952-08-17', 269),
(688, 'ÑAKR210811', 'Normand', 'Quintero', 'Fuentes', 0, '1967-07-07', 638),
(689, 'QBQJ820115', 'Luís', 'Nuñez', 'Ugalde', 0, '1990-08-12', 167),
(690, 'UELY160407', 'Tadeo', 'Fuentes', 'Bautista', 0, '2020-03-16', 108),
(691, 'AGÑF380509', 'Saul', 'Fuentes', 'Quintero', 0, '1975-03-10', 921),
(692, 'FNGG660726', 'Patricia', 'Castro', 'Fuentes', 1, '2006-01-09', 707),
(693, 'IYEA130111', 'Ursula', 'Yañez', 'Andrade', 1, '2030-05-15', 293);
INSERT INTO `cliente` (`id_c`, `curp`, `nombre`, `ap_pat`, `ap_mat`, `sexo`, `fecha_nac`, `id_dir`) VALUES
(694, 'YHEJ030227', 'Jose', 'Perez', 'Fuentes', 0, '1971-07-15', 265),
(695, 'CCSS020618', 'Brandon', 'Ugalde', 'Perez', 0, '1978-01-11', 808),
(696, 'GEYA540015', 'Veronica', 'Ignacio', 'Castro', 1, '2011-03-11', 481),
(697, 'EQHD250617', 'Fausto', 'Esparza', 'Esparza', 0, '1950-04-06', 933),
(698, 'TÑKE860217', 'Beatriz', 'Gonzalez', 'Esparza', 1, '1995-03-14', 129),
(699, 'LBOS800709', 'Gerardo', 'Castro', 'Gonzalez', 0, '2045-01-15', 871),
(700, 'YAVD230227', 'Brandon', 'Zapata', 'Andrade', 0, '1983-01-02', 265),
(701, 'PLHO520605', 'Raul', 'Castro', 'Vazquez', 0, '2046-04-26', 303),
(702, 'ITÑL600820', 'Rosa', 'Quintero', 'Yañez', 1, '1995-02-09', 921),
(703, 'OCKV080601', 'Carlos', 'Jiménez', 'Ugalde', 0, '1969-01-15', 720),
(704, 'NWNA200107', 'Veronica', 'Dominguez', 'Yañez', 1, '1965-08-10', 34),
(705, 'ÑGXQ330118', 'Braulio', 'Vazquez', 'Hernandez', 1, '0000-00-00', 190),
(706, 'AIVA380106', 'Dilan', 'Gonzalez', 'Fuentes', 0, '1978-02-14', 581),
(707, 'QNLT310506', 'Diana', 'Dominguez', 'Castro', 1, '2003-02-14', 677),
(708, 'VLEL060521', 'Hugo', 'Vazquez', 'Nuñez', 0, '2002-04-14', 173),
(709, 'SRBE480420', 'Fabiola', 'Perez', 'Vazquez', 1, '2027-02-02', 283),
(710, 'EUQX710827', 'Gerardo', 'Bautista', 'Ortiz', 0, '2031-06-14', 596),
(711, 'ÑERE060623', 'Julia', 'Lopez', 'Fuentes', 1, '0000-00-00', 15),
(712, 'APRR470315', 'Alejandra', 'Yañez', 'Zapata', 1, '2012-01-14', 24),
(713, 'PBYX130704', 'Gabriela', 'Hernandez', 'Hernandez', 1, '1977-02-25', 947),
(714, 'IRPA670327', 'Patricia', 'Tabares', 'Yañez', 1, '2037-01-27', 905),
(715, 'MTDW470703', 'Iván', 'Ignacio', 'Ignacio', 0, '1961-01-06', 890),
(716, 'QPLÑ800208', 'Luisa', 'Yañez', 'Dominguez', 1, '2001-02-15', 756),
(717, 'BOFK860111', 'Juan', 'Quintero', 'Fuentes', 0, '1961-01-02', 931),
(718, 'AQEW330025', 'Andrés', 'Perez', 'Vazquez', 0, '0000-00-00', 352),
(719, 'KVBW480123', 'Fabián', 'Zapata', 'Fuentes', 0, '2024-06-14', 456),
(720, 'ANEQ860603', 'Gabriela', 'Bautista', 'Martinez', 1, '1988-05-18', 48),
(721, 'RUDI540026', 'Yazmin', 'Tabares', 'Ignacio', 1, '2035-04-14', 523),
(722, 'FPCE180713', 'Georgina', 'Ignacio', 'Tabares', 1, '1989-02-05', 225),
(723, 'HWWG620426', 'Gabriel', 'Nuñez', 'Dominguez', 0, '2016-01-16', 685),
(724, 'GDTÑ730313', 'Estela', 'Perez', 'Fuentes', 1, '1983-07-06', 93),
(725, 'TAÑU400002', 'Oscar', 'Yañez', 'Bautista', 0, '0000-00-00', 649),
(726, 'JOLH850209', 'Esteban', 'Bautista', 'Gonzalez', 0, '0000-00-00', 348),
(727, 'AAEA410313', 'Saira', 'Vazquez', 'Castro', 1, '2040-08-27', 363),
(728, 'ASYH050515', 'Nestor', 'Castro', 'Fuentes', 0, '1964-03-21', 410),
(729, 'NTOO340705', 'Luís', 'Rosas', 'Martinez', 0, '2003-03-05', 405),
(730, 'BGFE640413', 'Raul', 'Yañez', 'Jiménez', 0, '2046-08-09', 243),
(731, 'UWVC280315', 'Tadeo', 'Ugalde', 'Gonzalez', 0, '1975-07-17', 788),
(732, 'ÑYSN450602', 'Rosa', 'Zapata', 'Nuñez', 1, '2014-06-05', 981),
(733, 'UVJF720703', 'Estela', 'Tabares', 'Castro', 1, '1961-05-20', 537),
(734, 'EKSR660222', 'Hilda', 'Esparza', 'Martinez', 1, '2012-05-27', 862),
(735, 'SEWX680601', 'Kevin', 'Nuñez', 'Quintero', 0, '1964-06-09', 659),
(736, 'UJYF580021', 'Daniela', 'Lopez', 'Dominguez', 1, '1958-01-28', 199),
(737, 'OVRQ800311', 'Paul', 'Hernandez', 'Dominguez', 0, '1975-05-09', 363),
(738, 'SSPB380209', 'Sandra', 'Zapata', 'Rosas', 1, '1977-08-23', 381),
(739, 'RCDH230002', 'Veronica', 'Jiménez', 'Dominguez', 1, '1994-02-18', 651),
(740, 'MHWB050805', 'Carla', 'Zapata', 'Rosas', 1, '2049-03-22', 137),
(741, 'KIAF160406', 'Carlos', 'Perez', 'Rosas', 0, '1968-05-02', 630),
(742, 'KFMU720226', 'Ana', 'Quintero', 'Zapata', 1, '2012-04-25', 562),
(743, 'DRJV840803', 'Nestor', 'Nuñez', 'Martinez', 0, '2017-05-04', 182),
(744, 'OUCB250004', 'Gabriela', 'Ugalde', 'Martinez', 1, '1971-02-18', 627),
(745, 'QVGF680302', 'Ofelia', 'Ortiz', 'Nuñez', 1, '2005-03-13', 819),
(746, 'HBFW380217', 'Luís', 'Jiménez', 'Rosas', 0, '2005-04-04', 180),
(747, 'PJXY810125', 'Yazmin', 'Perez', 'Andrade', 1, '1957-01-07', 878),
(748, 'HIBE100503', 'Alejandro', 'Ignacio', 'Tabares', 0, '1976-02-10', 661),
(749, 'JLOI310725', 'Julisa', 'Martinez', 'Dominguez', 1, '2042-05-18', 387),
(750, 'VPVI530302', 'Sandra', 'Vazquez', 'Martinez', 1, '1974-02-10', 23),
(751, 'BÑHY840407', 'Rubén', 'Yañez', 'Andrade', 0, '1965-06-08', 225),
(752, 'HLCG370002', 'Andrés', 'Hernandez', 'Lopez', 0, '2047-01-17', 607),
(753, 'FMQR080524', 'Lara', 'Ignacio', 'Dominguez', 1, '2044-02-27', 454),
(754, 'WEPU000024', 'Sandra', 'Quintero', 'Martinez', 1, '2020-08-01', 945),
(755, 'ODDV040504', 'Patricia', 'Dominguez', 'Esparza', 1, '1962-08-05', 907),
(756, 'ESML880522', 'Benito', 'Bautista', 'Ignacio', 0, '1991-07-10', 740),
(757, 'FUET870025', 'Inés', 'Perez', 'Zapata', 1, '2017-04-10', 429),
(758, 'LXRC600820', 'Jose', 'Quintero', 'Ortiz', 0, '2048-06-06', 501),
(759, 'HAPM560212', 'Efrain', 'Nuñez', 'Hernandez', 0, '2021-04-12', 348),
(760, 'MPGL440514', 'Leandro', 'Lopez', 'Ignacio', 0, '1958-06-24', 590),
(761, 'TWCO230305', 'Fabián', 'Bautista', 'Andrade', 0, '2005-02-27', 77),
(762, 'EPÑG480611', 'Andrés', 'Rosas', 'Esparza', 0, '2023-07-13', 638),
(763, 'MCYG310606', 'Ursula', 'Hernandez', 'Esparza', 1, '2045-05-10', 931),
(764, 'XCGE010208', 'Saira', 'Rosas', 'Rosas', 1, '1996-01-10', 608),
(765, 'EUTB530015', 'Luís', 'Vazquez', 'Andrade', 0, '2007-05-08', 531),
(766, 'KUJÑ860728', 'Oscar', 'Dominguez', 'Lopez', 0, '2003-01-27', 954),
(767, 'WTJB430828', 'Luís', 'Ortiz', 'Vazquez', 0, '1980-02-01', 422),
(768, 'DÑSU670521', 'Braulio', 'Rosas', 'Vazquez', 1, '0000-00-00', 646),
(769, 'UDUU410426', 'Fernanda', 'Rosas', 'Tabares', 1, '1952-01-03', 741),
(770, 'QDNN860313', 'Carlos', 'Nuñez', 'Martinez', 0, '1994-08-05', 27),
(771, 'OOBU280412', 'Kevin', 'Esparza', 'Dominguez', 0, '2026-07-07', 76),
(772, 'HOFB130112', 'Georgina', 'Bautista', 'Jiménez', 1, '2023-04-04', 755),
(773, 'LSIÑ670825', 'Patricia', 'Ortiz', 'Esparza', 1, '2003-02-04', 863),
(774, 'YAIJ350613', 'Esther', 'Andrade', 'Rosas', 1, '2000-02-14', 308),
(775, 'JLSN530502', 'Brandon', 'Quintero', 'Lopez', 0, '1979-03-13', 936),
(776, 'VWTX580304', 'Jose', 'Yañez', 'Tabares', 0, '2015-02-11', 799),
(777, 'KIXÑ330222', 'Esther', 'Yañez', 'Zapata', 1, '2013-02-27', 100),
(778, 'OMRO010301', 'Cesar', 'Andrade', 'Ignacio', 0, '1980-06-03', 80),
(779, 'CAMI730711', 'Tamara', 'Ignacio', 'Lopez', 1, '1977-06-25', 829),
(780, 'WAVE460401', 'Kendra', 'Tabares', 'Yañez', 1, '1981-02-14', 384),
(781, 'VHCH470125', 'Raul', 'Ortiz', 'Ugalde', 0, '0000-00-00', 471),
(782, 'JLMH400212', 'Luís', 'Jiménez', 'Castro', 0, '2002-02-25', 982),
(783, 'RWLS030706', 'Karla', 'Quintero', 'Tabares', 1, '1976-05-24', 546),
(784, 'JFNM480226', 'Brandon', 'Martinez', 'Quintero', 0, '1971-08-21', 606),
(785, 'VMFG840111', 'Sandra', 'Ugalde', 'Dominguez', 1, '2018-08-03', 31),
(786, 'TUIC560203', 'Mario', 'Ortiz', 'Vazquez', 0, '2015-03-21', 608),
(787, 'XOMP400820', 'Saira', 'Fuentes', 'Yañez', 1, '2020-05-15', 717),
(788, 'EFSS750302', 'Hortensia', 'Martinez', 'Lopez', 1, '2029-02-27', 116),
(789, 'RNXC130505', 'Raul', 'Rosas', 'Dominguez', 0, '1966-06-16', 26),
(790, 'PÑFI160823', 'Carlos', 'Dominguez', 'Nuñez', 0, '2001-07-11', 657),
(791, 'TLKY480126', 'Sandra', 'Ignacio', 'Quintero', 1, '1957-04-07', 878),
(792, 'DDQP550504', 'Normand', 'Hernandez', 'Dominguez', 0, '2032-05-22', 995),
(793, 'SLKS040220', 'Saira', 'Rosas', 'Perez', 1, '1965-07-06', 494),
(794, 'BCVN430621', 'Juan', 'Yañez', 'Hernandez', 0, '1960-08-22', 166),
(795, 'ÑICB400727', 'Jose', 'Lopez', 'Nuñez', 0, '2041-02-15', 228),
(796, 'VHUS600204', 'Raul', 'Gonzalez', 'Martinez', 0, '0000-00-00', 954),
(797, 'URÑA020117', 'Cesar', 'Bautista', 'Castro', 0, '1975-02-26', 806),
(798, 'KXJD200315', 'Juan', 'Vazquez', 'Jiménez', 0, '1970-05-05', 295),
(799, 'YÑMA000220', 'Braulio', 'Tabares', 'Ignacio', 1, '1973-01-10', 578),
(800, 'IAXM520315', 'Rubén', 'Jiménez', 'Castro', 0, '0000-00-00', 344),
(801, 'AWNX070212', 'Jose', 'Tabares', 'Jiménez', 0, '2007-03-27', 648),
(802, 'OQBT320012', 'Carlos', 'Yañez', 'Tabares', 0, '1973-07-24', 193),
(803, 'ÑEBW820510', 'Fabiola', 'Ugalde', 'Martinez', 1, '2041-02-22', 992),
(804, 'JÑGJ440607', 'Julisa', 'Perez', 'Dominguez', 1, '2001-05-10', 486),
(805, 'YVYW130126', 'Benito', 'Andrade', 'Esparza', 0, '0000-00-00', 941),
(806, 'DYMQ650716', 'Brandon', 'Tabares', 'Castro', 0, '2047-03-14', 413),
(807, 'EÑPC380620', 'Rubén', 'Ignacio', 'Bautista', 0, '1993-04-25', 617),
(808, 'AWAU480703', 'Jose', 'Esparza', 'Jiménez', 0, '2043-01-06', 816),
(809, 'OUOJ350210', 'Saira', 'Quintero', 'Esparza', 1, '1966-02-14', 213),
(810, 'RGME030805', 'Manuel', 'Rosas', 'Quintero', 0, '1998-06-13', 411),
(811, 'VOFG260327', 'Jose', 'Dominguez', 'Hernandez', 0, '2005-08-16', 207),
(812, 'SOÑU010705', 'Rosa', 'Andrade', 'Rosas', 1, '2004-02-24', 346),
(813, 'JXKG110626', 'Efrain', 'Esparza', 'Yañez', 0, '1981-05-12', 897),
(814, 'HCNB060207', 'Iván', 'Jiménez', 'Tabares', 0, '2037-06-07', 599),
(815, 'VAIR350415', 'Gabriela', 'Yañez', 'Perez', 1, '1989-08-22', 839),
(816, 'NPRV130718', 'Daniela', 'Ugalde', 'Perez', 1, '2012-01-03', 942),
(817, 'YHME230818', 'Pilar', 'Esparza', 'Yañez', 1, '1973-01-27', 86),
(818, 'WGDY150123', 'Saira', 'Nuñez', 'Quintero', 1, '0000-00-00', 470),
(819, 'WGSC010206', 'Inés', 'Martinez', 'Gonzalez', 1, '1994-04-09', 316),
(820, 'NHPÑ170802', 'Gabriel', 'Andrade', 'Ugalde', 0, '1979-08-06', 920),
(821, 'ÑXGG000514', 'Luisa', 'Yañez', 'Gonzalez', 1, '1956-03-15', 218),
(822, 'EXOV010001', 'Luisa', 'Rosas', 'Jiménez', 1, '2039-01-16', 287),
(823, 'ÑOCU700428', 'Rubén', 'Andrade', 'Zapata', 0, '2043-08-11', 765),
(824, 'EDGS530818', 'Brandon', 'Andrade', 'Hernandez', 0, '1967-05-03', 453),
(825, 'HEFO060326', 'Patricio', 'Hernandez', 'Esparza', 0, '0000-00-00', 208),
(826, 'CBÑE410315', 'Braulio', 'Zapata', 'Zapata', 1, '2017-04-12', 841),
(827, 'DXEÑ380026', 'Fausto', 'Ugalde', 'Dominguez', 0, '1967-03-28', 930),
(828, 'LÑOK070823', 'Rubén', 'Nuñez', 'Quintero', 0, '2009-06-04', 305),
(829, 'MTLK270209', 'Cesar', 'Jiménez', 'Gonzalez', 0, '1958-04-20', 517),
(830, 'PADF270325', 'Estela', 'Martinez', 'Dominguez', 1, '2008-07-01', 773),
(831, 'JIIJ170228', 'Kendra', 'Martinez', 'Yañez', 1, '1978-05-14', 645),
(832, 'JCDT820511', 'Braulio', 'Rosas', 'Dominguez', 1, '2022-02-18', 365),
(833, 'KNHC560318', 'Rosa', 'Esparza', 'Gonzalez', 1, '1999-01-28', 671),
(834, 'ARVQ130402', 'Daniela', 'Ignacio', 'Ignacio', 1, '2010-08-14', 965),
(835, 'UVFI040408', 'Lara', 'Nuñez', 'Bautista', 1, '2028-03-11', 12),
(836, 'JWEJ810517', 'Nestor', 'Ortiz', 'Jiménez', 0, '1993-01-18', 516),
(837, 'WOWS860709', 'Dilan', 'Fuentes', 'Gonzalez', 0, '1961-04-02', 710),
(838, 'JÑCR440125', 'Jose', 'Yañez', 'Quintero', 0, '2023-04-17', 492),
(839, 'ATÑQ330402', 'Karla', 'Quintero', 'Fuentes', 1, '2018-06-24', 759),
(840, 'LWSG150711', 'Julia', 'Martinez', 'Ortiz', 1, '2049-06-02', 308),
(841, 'MQHL570506', 'Xochitl', 'Quintero', 'Ignacio', 1, '2018-02-15', 89),
(842, 'DCGE020422', 'Raul', 'Nuñez', 'Martinez', 0, '1971-06-02', 647),
(843, 'GCWT500127', 'Patricio', 'Rosas', 'Tabares', 0, '1991-02-06', 298),
(844, 'VOXH760609', 'Fabián', 'Lopez', 'Ugalde', 0, '1993-05-05', 948),
(845, 'VIMD750516', 'Carmen', 'Nuñez', 'Andrade', 1, '1950-05-28', 511),
(846, 'YMOF150125', 'Leandro', 'Gonzalez', 'Esparza', 0, '2003-08-22', 530),
(847, 'AQPQ660504', 'Oscar', 'Castro', 'Castro', 0, '1969-03-09', 968),
(848, 'JUQJ410105', 'Nestor', 'Quintero', 'Vazquez', 0, '2040-04-17', 113),
(849, 'SIXM730623', 'Dilan', 'Dominguez', 'Perez', 0, '2037-05-23', 210),
(850, 'MSRG250404', 'Gabriel', 'Zapata', 'Dominguez', 0, '2030-03-26', 701),
(851, 'OIHT860225', 'Efrain', 'Bautista', 'Esparza', 0, '0000-00-00', 974),
(852, 'NUPX110418', 'Daniel', 'Lopez', 'Martinez', 0, '2005-01-02', 77),
(853, 'OMUA670001', 'Carlos', 'Esparza', 'Dominguez', 0, '1981-04-08', 167),
(854, 'CSSB370620', 'Mario', 'Fuentes', 'Ignacio', 0, '2029-05-09', 402),
(855, 'VTKB460207', 'Daniel', 'Dominguez', 'Lopez', 0, '2028-07-05', 517),
(856, 'KCBL850608', 'Fabiola', 'Fuentes', 'Yañez', 1, '1996-03-03', 646),
(857, 'GCGK880424', 'Nely', 'Castro', 'Esparza', 1, '1984-07-15', 778),
(858, 'ARAM060412', 'Dilan', 'Ortiz', 'Ugalde', 0, '1983-06-09', 845),
(859, 'YSBY440005', 'Alejandro', 'Quintero', 'Tabares', 0, '2048-07-03', 607),
(860, 'VFMÑ060202', 'Efrain', 'Rosas', 'Vazquez', 0, '1960-02-27', 423),
(861, 'PBTY320009', 'Patricia', 'Perez', 'Bautista', 1, '1950-05-10', 451),
(862, 'OWRG420307', 'Ubaldo', 'Dominguez', 'Martinez', 0, '1999-01-24', 67),
(863, 'WEOL800415', 'Mariann', 'Martinez', 'Zapata', 1, '0000-00-00', 86),
(864, 'VWFH050606', 'Brandon', 'Ortiz', 'Ugalde', 0, '2034-08-26', 884),
(865, 'HSTJ200014', 'Leandro', 'Rosas', 'Rosas', 0, '1950-07-12', 653),
(866, 'CUVD330108', 'Ubaldo', 'Quintero', 'Zapata', 0, '1954-03-01', 848),
(867, 'RJMN180707', 'Patricia', 'Perez', 'Vazquez', 1, '2017-01-11', 318),
(868, 'LQBE040716', 'Patricio', 'Andrade', 'Tabares', 0, '2046-01-18', 760),
(869, 'DCXJ530502', 'Ofelia', 'Fuentes', 'Ugalde', 1, '2000-02-14', 897),
(870, 'LBCK020108', 'Julisa', 'Martinez', 'Ignacio', 1, '2013-07-06', 203),
(871, 'FEUI020815', 'Manuel', 'Dominguez', 'Zapata', 0, '2020-08-02', 93),
(872, 'ÑBNE060302', 'Tadeo', 'Rosas', 'Hernandez', 0, '2024-05-08', 255),
(873, 'TUOA640616', 'Georgina', 'Castro', 'Ugalde', 1, '2009-04-09', 169),
(874, 'EAGT630414', 'Pilar', 'Hernandez', 'Quintero', 1, '1989-07-07', 927),
(875, 'TMRR170225', 'Mario', 'Castro', 'Ortiz', 0, '1956-08-06', 207),
(876, 'BGHN760122', 'Mariann', 'Dominguez', 'Dominguez', 1, '1955-08-26', 566),
(877, 'LXKY260502', 'Fausto', 'Yañez', 'Ortiz', 0, '2043-08-06', 293),
(878, 'KPJK510806', 'Kendra', 'Yañez', 'Quintero', 1, '0000-00-00', 724),
(879, 'OJDV110303', 'Oswaldo', 'Lopez', 'Zapata', 0, '2012-05-22', 244),
(880, 'YFMM440022', 'Iván', 'Rosas', 'Rosas', 0, '1950-08-22', 221),
(881, 'ABUR580015', 'Julisa', 'Vazquez', 'Castro', 1, '1951-04-08', 749),
(882, 'VHKK000605', 'Tamara', 'Ignacio', 'Ortiz', 1, '1974-04-11', 387),
(883, 'UIEC770728', 'Alejandro', 'Lopez', 'Hernandez', 0, '1971-01-24', 37),
(884, 'JLTF050327', 'Kevin', 'Nuñez', 'Yañez', 0, '1959-07-25', 739),
(885, 'YEUJ130318', 'Mateo', 'Vazquez', 'Ugalde', 0, '2013-05-12', 418),
(886, 'EBUP000501', 'Normand', 'Fuentes', 'Hernandez', 0, '0000-00-00', 554),
(887, 'EFJD320104', 'Fabián', 'Martinez', 'Bautista', 0, '2019-07-05', 336),
(888, 'EDJA600018', 'Tamara', 'Fuentes', 'Castro', 1, '1995-01-22', 104),
(889, 'NIEN650104', 'Sandra', 'Hernandez', 'Esparza', 1, '2048-03-07', 776),
(890, 'CFNR500011', 'Andrés', 'Vazquez', 'Dominguez', 0, '1976-08-09', 523),
(891, 'SDLV110427', 'Patricio', 'Vazquez', 'Nuñez', 0, '0000-00-00', 153),
(892, 'RTEA050315', 'Patricio', 'Yañez', 'Martinez', 0, '2005-06-26', 552),
(893, 'GPQF140708', 'Kevin', 'Tabares', 'Fuentes', 0, '2043-07-26', 32),
(894, 'UYQL050021', 'Efrain', 'Rosas', 'Nuñez', 0, '2020-04-22', 643),
(895, 'XFGM360028', 'Normand', 'Tabares', 'Tabares', 0, '1974-05-06', 309),
(896, 'NMNP770822', 'Gerardo', 'Ortiz', 'Ignacio', 0, '1951-04-01', 177),
(897, 'KYDA760322', 'Mario', 'Lopez', 'Fuentes', 0, '0000-00-00', 699),
(898, 'ROBN330720', 'Luisa', 'Hernandez', 'Vazquez', 1, '0000-00-00', 761),
(899, 'OGDF510625', 'Fabián', 'Castro', 'Quintero', 0, '1985-05-06', 663),
(900, 'DNBK170304', 'Esteban', 'Jiménez', 'Yañez', 0, '2040-02-08', 858),
(901, 'JOUR670015', 'Esther', 'Tabares', 'Vazquez', 1, '0000-00-00', 116),
(902, 'MKFP230218', 'Braulio', 'Rosas', 'Nuñez', 1, '2017-08-18', 242),
(903, 'PGIG460327', 'Ofelia', 'Zapata', 'Fuentes', 1, '1970-06-05', 545),
(904, 'AOLP120605', 'Nestor', 'Rosas', 'Esparza', 0, '1957-07-20', 993),
(905, 'TAQP250704', 'Fernanda', 'Lopez', 'Gonzalez', 1, '1967-01-01', 401),
(906, 'FÑDP020711', 'Gabriela', 'Lopez', 'Andrade', 1, '0000-00-00', 54),
(907, 'MTBJ400306', 'Leandro', 'Ignacio', 'Gonzalez', 0, '1990-01-02', 864),
(908, 'SÑYK310705', 'Dilan', 'Quintero', 'Tabares', 0, '1959-04-25', 555),
(909, 'IÑLQ850526', 'Julio', 'Martinez', 'Esparza', 0, '2039-03-17', 358),
(910, 'XNÑM740710', 'Braulio', 'Quintero', 'Esparza', 1, '2041-06-15', 419),
(911, 'AGKR780203', 'Karla', 'Bautista', 'Fuentes', 1, '2043-04-05', 424),
(912, 'SOYB010525', 'Tamara', 'Tabares', 'Nuñez', 1, '1958-02-03', 968),
(913, 'NWGA370722', 'Saul', 'Ignacio', 'Perez', 0, '0000-00-00', 814),
(914, 'PLGV000816', 'Beatriz', 'Fuentes', 'Perez', 1, '2030-03-24', 530),
(915, 'TDXK380628', 'Lara', 'Ortiz', 'Jiménez', 1, '1950-02-20', 919),
(916, 'GWNQ470306', 'Braulio', 'Tabares', 'Dominguez', 1, '1976-06-17', 288),
(917, 'GRTO100409', 'Julio', 'Lopez', 'Nuñez', 0, '1998-07-03', 900),
(918, 'ACLU850017', 'Nely', 'Vazquez', 'Fuentes', 1, '2046-08-03', 835),
(919, 'EWEE410226', 'Georgina', 'Zapata', 'Dominguez', 1, '1978-07-06', 124),
(920, 'NVMO030321', 'Daniela', 'Quintero', 'Dominguez', 1, '1989-08-25', 214),
(921, 'ALVB500021', 'Nely', 'Bautista', 'Hernandez', 1, '0000-00-00', 780),
(922, 'WPIF830011', 'Raul', 'Bautista', 'Perez', 0, '2040-03-02', 387),
(923, 'YBUS670521', 'Saul', 'Bautista', 'Ortiz', 0, '1960-06-03', 781),
(924, 'QXAX040824', 'Paul', 'Jiménez', 'Rosas', 0, '2028-08-01', 407),
(925, 'CGRV430324', 'Tamara', 'Jiménez', 'Fuentes', 1, '0000-00-00', 315),
(926, 'YDDÑ100021', 'Carla', 'Castro', 'Hernandez', 1, '2036-05-27', 760),
(927, 'EUWN260222', 'Efrain', 'Rosas', 'Martinez', 0, '2044-01-14', 670),
(928, 'PPQG720716', 'Julio', 'Andrade', 'Lopez', 0, '1989-08-07', 626),
(929, 'QXOK770611', 'Patricio', 'Ignacio', 'Esparza', 0, '2029-08-06', 170),
(930, 'JVSM210421', 'Hugo', 'Castro', 'Esparza', 0, '2026-07-08', 35),
(931, 'YWJP420713', 'Julia', 'Bautista', 'Jiménez', 1, '2049-02-14', 374),
(932, 'OKIJ430402', 'Estela', 'Ortiz', 'Martinez', 1, '1990-05-16', 181),
(933, 'FLEÑ180126', 'Daniela', 'Ignacio', 'Dominguez', 1, '1980-04-27', 860),
(934, 'UMBC580613', 'Benito', 'Andrade', 'Ugalde', 0, '1952-07-07', 345),
(935, 'YYUS700314', 'Normand', 'Tabares', 'Bautista', 0, '2048-04-15', 239),
(936, 'LTKY110026', 'Oscar', 'Esparza', 'Martinez', 0, '2034-05-10', 207),
(937, 'HPEH480017', 'Julisa', 'Ortiz', 'Vazquez', 1, '2008-01-01', 244),
(938, 'KNXA340603', 'Gerardo', 'Hernandez', 'Ignacio', 0, '2017-07-08', 496),
(939, 'ODUW130022', 'Tadeo', 'Ugalde', 'Yañez', 0, '1951-01-14', 18),
(940, 'HFPO380328', 'Fausto', 'Gonzalez', 'Gonzalez', 0, '2029-04-09', 248),
(941, 'XHWH250407', 'Pilar', 'Martinez', 'Fuentes', 1, '1970-01-07', 954),
(942, 'OEAK330008', 'Benito', 'Esparza', 'Gonzalez', 0, '1969-02-02', 143),
(943, 'QEFB380312', 'Mateo', 'Tabares', 'Fuentes', 0, '0000-00-00', 713),
(944, 'KDVÑ180513', 'Patricio', 'Vazquez', 'Perez', 0, '2001-03-21', 660),
(945, 'PGXI450109', 'Fernanda', 'Bautista', 'Dominguez', 1, '1952-06-07', 268),
(946, 'MNYR310524', 'Hugo', 'Castro', 'Esparza', 0, '2019-05-17', 46),
(947, 'MVSA270403', 'Ofelia', 'Ugalde', 'Bautista', 1, '1995-07-05', 105),
(948, 'KUVS480812', 'Luisa', 'Lopez', 'Rosas', 1, '1976-06-20', 330),
(949, 'JJQD750025', 'Fabián', 'Quintero', 'Vazquez', 0, '1957-05-26', 924),
(950, 'DNJE360626', 'Nestor', 'Zapata', 'Ugalde', 0, '2031-08-08', 878),
(951, 'SXFV260508', 'Braulio', 'Fuentes', 'Perez', 1, '2026-08-12', 476),
(952, 'AOWY780116', 'Gabriela', 'Perez', 'Perez', 1, '2049-03-07', 214),
(953, 'OCBB210524', 'Iván', 'Esparza', 'Ugalde', 0, '1985-01-07', 376),
(954, 'ÑWOH750509', 'Gabriel', 'Perez', 'Martinez', 0, '1951-05-13', 112),
(955, 'WBÑÑ600305', 'Saul', 'Lopez', 'Fuentes', 0, '2032-03-14', 25),
(956, 'TPGS560725', 'Andrés', 'Ortiz', 'Perez', 0, '2022-06-16', 186),
(957, 'KQIH150028', 'Inés', 'Perez', 'Vazquez', 1, '2006-02-08', 991),
(958, 'PSUB500720', 'Patricia', 'Andrade', 'Dominguez', 1, '2003-07-11', 467),
(959, 'UONJ040012', 'Esteban', 'Yañez', 'Ugalde', 0, '1983-07-04', 470),
(960, 'PCRS440703', 'Brandon', 'Vazquez', 'Esparza', 0, '2033-04-22', 711),
(961, 'HATD010414', 'Daniel', 'Perez', 'Gonzalez', 0, '2013-01-28', 687),
(962, 'GOJV120604', 'Esteban', 'Lopez', 'Ugalde', 0, '2019-01-14', 421),
(963, 'JÑNM250225', 'Raul', 'Ignacio', 'Lopez', 0, '1973-05-15', 347),
(964, 'IXYW830518', 'Ivana', 'Perez', 'Hernandez', 1, '2045-02-25', 824),
(965, 'GBNL830021', 'Pilar', 'Fuentes', 'Dominguez', 1, '1989-04-27', 511),
(966, 'GVXM070804', 'Julio', 'Ugalde', 'Fuentes', 0, '2049-08-01', 291),
(967, 'OSPC340202', 'Mario', 'Ugalde', 'Lopez', 0, '2038-04-20', 495),
(968, 'QESR480204', 'Luisa', 'Vazquez', 'Gonzalez', 1, '2038-03-21', 937),
(969, 'ÑXIG500416', 'Carlos', 'Rosas', 'Yañez', 0, '2034-05-07', 665),
(970, 'VGFO820327', 'Fabiola', 'Yañez', 'Ortiz', 1, '1999-02-04', 386),
(971, 'RRDD080523', 'Normand', 'Yañez', 'Hernandez', 0, '1965-01-13', 240),
(972, 'ÑPFR830410', 'Daniela', 'Perez', 'Lopez', 1, '1953-08-17', 954),
(973, 'TRLS460207', 'Rubén', 'Dominguez', 'Dominguez', 0, '0000-00-00', 463),
(974, 'XQOL280313', 'Patricio', 'Lopez', 'Castro', 0, '2041-08-18', 714),
(975, 'UQCA340027', 'Fabián', 'Gonzalez', 'Martinez', 0, '0000-00-00', 760),
(976, 'BHSV840307', 'Rosa', 'Gonzalez', 'Castro', 1, '0000-00-00', 206),
(977, 'POPB710220', 'Diana', 'Bautista', 'Esparza', 1, '1983-04-13', 739),
(978, 'JJXV300312', 'Daniel', 'Lopez', 'Fuentes', 0, '1962-01-02', 764),
(979, 'IALG860008', 'Dilan', 'Andrade', 'Perez', 0, '1980-08-25', 153),
(980, 'BUJA040801', 'Braulio', 'Vazquez', 'Vazquez', 1, '1962-08-07', 702),
(981, 'QAVV380507', 'Braulio', 'Martinez', 'Lopez', 1, '1988-01-10', 189),
(982, 'PCUQ570720', 'Maria', 'Yañez', 'Perez', 1, '1983-04-04', 853),
(983, 'XHEL830307', 'Saira', 'Hernandez', 'Zapata', 1, '2036-07-28', 686),
(984, 'XDGQ850617', 'Benito', 'Tabares', 'Gonzalez', 0, '0000-00-00', 194),
(985, 'GFOK480305', 'Karla', 'Nuñez', 'Nuñez', 1, '1989-02-13', 162),
(986, 'MWKK500824', 'Rubén', 'Martinez', 'Lopez', 0, '2011-06-04', 540),
(987, 'SEVH880523', 'Mario', 'Andrade', 'Zapata', 0, '2041-04-07', 743),
(988, 'FYSJ650509', 'Hortensia', 'Tabares', 'Andrade', 1, '1991-06-23', 563),
(989, 'GLML800615', 'Manuel', 'Andrade', 'Ignacio', 0, '1961-06-21', 383),
(990, 'MSAC380312', 'Luís', 'Castro', 'Hernandez', 0, '0000-00-00', 601),
(991, 'OHPR030215', 'Veronica', 'Hernandez', 'Lopez', 1, '2034-07-28', 959),
(992, 'OHDO230010', 'Leandro', 'Yañez', 'Castro', 0, '2042-03-14', 18),
(993, 'RWÑU000313', 'Braulio', 'Ortiz', 'Esparza', 1, '1969-03-04', 129),
(994, 'FWNW250804', 'Estela', 'Fuentes', 'Ignacio', 1, '2049-03-25', 80),
(995, 'MCDU560428', 'Oswaldo', 'Andrade', 'Perez', 0, '1964-03-13', 49),
(996, 'KYDM000113', 'Hugo', 'Dominguez', 'Esparza', 0, '1988-05-16', 612),
(997, 'UAIQ340416', 'Veronica', 'Ignacio', 'Zapata', 1, '1963-05-16', 332),
(998, 'QUCJ250828', 'Efrain', 'Tabares', 'Gonzalez', 0, '0000-00-00', 896),
(999, 'NJYS320507', 'Julio', 'Yañez', 'Nuñez', 0, '2032-06-13', 828),
(1000, 'ÑDÑO540211', 'Nestor', 'Jiménez', 'Dominguez', 0, '0000-00-00', 574);

-- --------------------------------------------------------

--
-- Estructura de tabla para la tabla `direccion`
--

CREATE TABLE `direccion` (
  `id_d` int(11) NOT NULL,
  `tipo_calle` varchar(32) NOT NULL,
  `calle` varchar(32) NOT NULL,
  `numero` varchar(32) NOT NULL,
  `cp` int(11) DEFAULT NULL
) ENGINE=InnoDB DEFAULT CHARSET=utf8mb4;

--
-- Volcado de datos para la tabla `direccion`
--

INSERT INTO `direccion` (`id_d`, `tipo_calle`, `calle`, `numero`, `cp`) VALUES
(1, 'Eje', 'nororiente', '1091', 82757),
(2, 'Privada', 'oriente', '2592B', 26332),
(3, 'Calzada', 'sur', '1680B', 92385),
(4, 'Calzada', 'norte', '1029C', 647),
(5, 'Callejon', 'oriente', '2234C', 22298),
(6, 'Callejon', 'oriente', '776B', 46363),
(7, 'Cerrada', 'sur', '2508', 47620),
(8, 'Callejon', 'poniente', '776B', 74070),
(9, 'Eje', 'suroriente', '1794A', 94884),
(10, 'Camino a ', 'suroriente', '693C', 44354),
(11, 'Privada', 'suroriente', '75C', 75598),
(12, 'Camino a ', 'norponiente', '172B', 72645),
(13, 'Calzada', 'nororiente', '1170B', 46193),
(14, 'Camino a ', 'norponiente', '1087B', 88256),
(15, 'Eje', 'surponiente', '1717A', 95014),
(16, 'Avenida', 'sur', '473A', 62349),
(17, 'Avenida', 'suroriente', '858B', 74926),
(18, 'Avenida', 'oriente', '2384', 16425),
(19, 'Avenida', 'nororiente', '987C', 49315),
(20, 'Avenida', 'surponiente', '470B', 74322),
(21, 'Cerrada', 'nororiente', '508A', 20014),
(22, 'Cerrada', 'norponiente', '982C', 4330),
(23, 'Calle', 'norponiente', '141C', 9416),
(24, 'Avenida', 'surponiente', '705C', 910),
(25, 'Camino a ', 'norponiente', '570', 65415),
(26, 'Cerrada', 'oriente', '2049A', 47532),
(27, 'Eje', 'norte', '2476C', 84265),
(28, 'Privada', 'surponiente', '940C', 50091),
(29, 'Privada', 'nororiente', '2891B', 34184),
(30, 'Cerrada', 'sur', '35C', 17293),
(31, 'Avenida', 'norte', '2116', 94754),
(32, 'Callejon', 'norponiente', '54B', 95875),
(33, 'Calle', 'nororiente', '880C', 9808),
(34, 'Callejon', 'oriente', '281', 38745),
(35, 'Callejon', 'oriente', '2040C', 86516),
(36, 'Avenida', 'norte', '2551B', 68437),
(37, 'Calle', 'nororiente', '2806', 37295),
(38, 'Calle', 'poniente', '709A', 90083),
(39, 'Camino a ', 'norponiente', '2648C', 6870),
(40, 'Callejon', 'nororiente', '2851B', 23404),
(41, 'Calzada', 'suroriente', '1515B', 27270),
(42, 'Callejon', 'sur', '1669', 3778),
(43, 'Calzada', 'nororiente', '1804B', 51685),
(44, 'Calzada', 'oriente', '1462B', 89832),
(45, 'Callejon', 'sur', '242B', 41261),
(46, 'Privada', 'nororiente', '593', 32253),
(47, 'Calle', 'norponiente', '199B', 23091),
(48, 'Calle', 'suroriente', '79C', 92005),
(49, 'Calzada', 'nororiente', '1318', 33561),
(50, 'Callejon', 'poniente', '109', 97945),
(51, 'Privada', 'nororiente', '1985B', 91906),
(52, 'Callejon', 'surponiente', '515B', 33230),
(53, 'Avenida', 'nororiente', '446', 32413),
(54, 'Calzada', 'surponiente', '1778C', 8071),
(55, 'Eje', 'norte', '974C', 96240),
(56, 'Privada', 'sur', '1233B', 78352),
(57, 'Eje', 'suroriente', '2747A', 27909),
(58, 'Eje', 'sur', '574', 11823),
(59, 'Privada', 'norponiente', '1231B', 27122),
(60, 'Cerrada', 'nororiente', '1080C', 95680),
(61, 'Eje', 'nororiente', '2090C', 29801),
(62, 'Cerrada', 'oriente', '2664C', 22037),
(63, 'Calzada', 'oriente', '669B', 61028),
(64, 'Avenida', 'norponiente', '1600C', 60510),
(65, 'Callejon', 'oriente', '220B', 14489),
(66, 'Privada', 'suroriente', '954', 79747),
(67, 'Eje', 'norponiente', '2228B', 39999),
(68, 'Callejon', 'surponiente', '1076C', 18329),
(69, 'Callejon', 'norponiente', '899C', 63699),
(70, 'Eje', 'surponiente', '1204B', 51295),
(71, 'Privada', 'norponiente', '2454B', 29514),
(72, 'Camino a ', 'norponiente', '1176C', 73222),
(73, 'Avenida', 'oriente', '741', 36883),
(74, 'Callejon', 'nororiente', '2409A', 42941),
(75, 'Camino a ', 'suroriente', '678B', 57533),
(76, 'Callejon', 'norponiente', '1772', 75841),
(77, 'Camino a ', 'norte', '567A', 70041),
(78, 'Cerrada', 'suroriente', '388', 44149),
(79, 'Cerrada', 'sur', '1675A', 37050),
(80, 'Calzada', 'norponiente', '182C', 87656),
(81, 'Calzada', 'norte', '2983A', 36626),
(82, 'Callejon', 'sur', '359A', 44910),
(83, 'Privada', 'surponiente', '2530B', 2145),
(84, 'Eje', 'suroriente', '2698A', 57012),
(85, 'Privada', 'surponiente', '2496B', 18304),
(86, 'Camino a ', 'norponiente', '1471C', 18651),
(87, 'Calzada', 'norte', '514B', 4924),
(88, 'Privada', 'norponiente', '1897C', 60771),
(89, 'Avenida', 'norponiente', '2767C', 63732),
(90, 'Camino a ', 'oriente', '2022A', 46396),
(91, 'Cerrada', 'nororiente', '1083', 10832),
(92, 'Calzada', 'poniente', '768', 53111),
(93, 'Callejon', 'oriente', '683A', 21076),
(94, 'Cerrada', 'sur', '1237A', 24962),
(95, 'Avenida', 'nororiente', '2627B', 21599),
(96, 'Avenida', 'poniente', '274', 22199),
(97, 'Calle', 'surponiente', '622B', 5804),
(98, 'Calzada', 'poniente', '160A', 10026),
(99, 'Callejon', 'sur', '2330B', 42683),
(100, 'Calzada', 'suroriente', '1438A', 64218),
(101, 'Avenida', 'poniente', '2813B', 303),
(102, 'Camino a ', 'norponiente', '1322B', 56980),
(103, 'Calle', 'nororiente', '1473B', 78259),
(104, 'Privada', 'suroriente', '2545B', 92298),
(105, 'Eje', 'poniente', '2854C', 7104),
(106, 'Cerrada', 'suroriente', '1425B', 61457),
(107, 'Cerrada', 'sur', '1660', 2813),
(108, 'Calle', 'oriente', '2502B', 12591),
(109, 'Calle', 'poniente', '353', 93964),
(110, 'Cerrada', 'poniente', '2372', 23418),
(111, 'Cerrada', 'sur', '865C', 3089),
(112, 'Cerrada', 'poniente', '2790C', 52774),
(113, 'Camino a ', 'suroriente', '2317A', 1709),
(114, 'Avenida', 'suroriente', '1458', 56636),
(115, 'Privada', 'nororiente', '1804B', 50523),
(116, 'Avenida', 'sur', '1865', 93836),
(117, 'Camino a ', 'norte', '224B', 41669),
(118, 'Callejon', 'oriente', '1564C', 12316),
(119, 'Eje', 'oriente', '1956', 66459),
(120, 'Calzada', 'sur', '184', 96036),
(121, 'Calle', 'oriente', '806C', 76611),
(122, 'Avenida', 'suroriente', '651', 88493),
(123, 'Cerrada', 'nororiente', '626', 91253),
(124, 'Avenida', 'norte', '377C', 35411),
(125, 'Eje', 'norte', '343B', 69430),
(126, 'Calzada', 'norte', '768', 18695),
(127, 'Calzada', 'poniente', '2686A', 80969),
(128, 'Eje', 'norte', '376', 48167),
(129, 'Calzada', 'oriente', '767', 39405),
(130, 'Privada', 'surponiente', '2219', 26174),
(131, 'Calle', 'norponiente', '1148', 50631),
(132, 'Calzada', 'poniente', '1563B', 14738),
(133, 'Eje', 'sur', '2110', 76592),
(134, 'Privada', 'suroriente', '377C', 12825),
(135, 'Camino a ', 'poniente', '2409A', 92015),
(136, 'Avenida', 'oriente', '2231A', 28183),
(137, 'Cerrada', 'norte', '2756B', 54908),
(138, 'Camino a ', 'norte', '984C', 65640),
(139, 'Cerrada', 'suroriente', '919B', 78672),
(140, 'Camino a ', 'norponiente', '1863C', 73958),
(141, 'Camino a ', 'sur', '631B', 90681),
(142, 'Calle', 'norte', '2586A', 63308),
(143, 'Callejon', 'poniente', '2221C', 37327),
(144, 'Calle', 'norponiente', '2885', 85972),
(145, 'Avenida', 'poniente', '825', 81851),
(146, 'Callejon', 'surponiente', '2023', 38234),
(147, 'Avenida', 'poniente', '2600', 54946),
(148, 'Privada', 'oriente', '1690A', 41089),
(149, 'Calzada', 'nororiente', '2252B', 30657),
(150, 'Avenida', 'sur', '638B', 55956),
(151, 'Calzada', 'norte', '1218', 35654),
(152, 'Calzada', 'norponiente', '840B', 49066),
(153, 'Eje', 'surponiente', '1770', 23509),
(154, 'Calzada', 'surponiente', '1089C', 542),
(155, 'Cerrada', 'nororiente', '1393', 67266),
(156, 'Avenida', 'sur', '2417A', 12133),
(157, 'Privada', 'surponiente', '2696A', 11822),
(158, 'Cerrada', 'nororiente', '325A', 59168),
(159, 'Avenida', 'sur', '1679', 19532),
(160, 'Calzada', 'oriente', '1550', 41145),
(161, 'Privada', 'norponiente', '1934C', 55886),
(162, 'Eje', 'surponiente', '444B', 657),
(163, 'Privada', 'poniente', '1679C', 96205),
(164, 'Calle', 'sur', '129', 87405),
(165, 'Privada', 'poniente', '882A', 74377),
(166, 'Callejon', 'suroriente', '763', 35280),
(167, 'Callejon', 'nororiente', '941B', 25818),
(168, 'Privada', 'norponiente', '734C', 80942),
(169, 'Avenida', 'norponiente', '2984', 27832),
(170, 'Camino a ', 'nororiente', '2523C', 9663),
(171, 'Camino a ', 'norponiente', '1989', 33507),
(172, 'Cerrada', 'oriente', '2723B', 60100),
(173, 'Privada', 'poniente', '1211B', 24380),
(174, 'Avenida', 'suroriente', '223B', 97089),
(175, 'Callejon', 'oriente', '2432B', 7426),
(176, 'Camino a ', 'sur', '2354B', 65927),
(177, 'Cerrada', 'oriente', '1855A', 20207),
(178, 'Eje', 'norte', '2566C', 41951),
(179, 'Calzada', 'norte', '2173A', 98192),
(180, 'Privada', 'sur', '1704A', 76887),
(181, 'Calzada', 'norte', '2902A', 1586),
(182, 'Camino a ', 'sur', '547A', 58536),
(183, 'Eje', 'oriente', '1135B', 34441),
(184, 'Callejon', 'suroriente', '2994', 83941),
(185, 'Callejon', 'suroriente', '1793B', 17972),
(186, 'Camino a ', 'sur', '2131C', 17684),
(187, 'Cerrada', 'sur', '397A', 55915),
(188, 'Cerrada', 'norponiente', '1761C', 48059),
(189, 'Calzada', 'surponiente', '2664', 37437),
(190, 'Calle', 'poniente', '2421C', 23241),
(191, 'Privada', 'norponiente', '1464B', 94557),
(192, 'Callejon', 'surponiente', '1099C', 30672),
(193, 'Calle', 'norte', '2181A', 39817),
(194, 'Cerrada', 'norponiente', '135A', 34528),
(195, 'Privada', 'poniente', '2338C', 27900),
(196, 'Calzada', 'sur', '1969A', 64503),
(197, 'Calzada', 'norte', '1778B', 59177),
(198, 'Avenida', 'suroriente', '2533', 17372),
(199, 'Eje', 'nororiente', '297C', 14511),
(200, 'Privada', 'norponiente', '283B', 10636),
(201, 'Privada', 'poniente', '577', 15707),
(202, 'Eje', 'surponiente', '2830A', 57460),
(203, 'Calzada', 'surponiente', '2685C', 57488),
(204, 'Avenida', 'poniente', '198B', 44531),
(205, 'Eje', 'norponiente', '394', 38857),
(206, 'Avenida', 'surponiente', '1398', 64054),
(207, 'Cerrada', 'poniente', '677C', 48952),
(208, 'Eje', 'oriente', '678C', 54049),
(209, 'Avenida', 'oriente', '2154B', 14460),
(210, 'Cerrada', 'oriente', '1854C', 40267),
(211, 'Calzada', 'suroriente', '1841A', 82120),
(212, 'Cerrada', 'norte', '78A', 26342),
(213, 'Privada', 'suroriente', '1594A', 10707),
(214, 'Cerrada', 'oriente', '1375A', 42285),
(215, 'Cerrada', 'oriente', '2406', 34931),
(216, 'Avenida', 'sur', '35A', 82760),
(217, 'Camino a ', 'norte', '2473A', 62233),
(218, 'Calle', 'surponiente', '2283', 32060),
(219, 'Calle', 'surponiente', '1420C', 3312),
(220, 'Privada', 'nororiente', '604C', 71647),
(221, 'Avenida', 'surponiente', '543B', 2135),
(222, 'Avenida', 'poniente', '2151B', 84075),
(223, 'Eje', 'nororiente', '547A', 83937),
(224, 'Calzada', 'surponiente', '43A', 93137),
(225, 'Callejon', 'nororiente', '269B', 5534),
(226, 'Avenida', 'nororiente', '306A', 44901),
(227, 'Calzada', 'norponiente', '932C', 66932),
(228, 'Cerrada', 'poniente', '223B', 57725),
(229, 'Camino a ', 'poniente', '776B', 47348),
(230, 'Camino a ', 'norponiente', '1726', 11266),
(231, 'Calle', 'poniente', '2571B', 66172),
(232, 'Calzada', 'suroriente', '2081', 53554),
(233, 'Avenida', 'nororiente', '1690A', 95132),
(234, 'Eje', 'sur', '2955A', 77381),
(235, 'Calle', 'oriente', '764', 8828),
(236, 'Calzada', 'oriente', '2993B', 55955),
(237, 'Eje', 'nororiente', '1431C', 81334),
(238, 'Camino a ', 'sur', '2659C', 1266),
(239, 'Callejon', 'sur', '639C', 17495),
(240, 'Calzada', 'sur', '1370B', 28903),
(241, 'Eje', 'suroriente', '2170', 21985),
(242, 'Calle', 'surponiente', '19', 20733),
(243, 'Cerrada', 'suroriente', '2336A', 98632),
(244, 'Callejon', 'nororiente', '151C', 39578),
(245, 'Privada', 'surponiente', '1991B', 31703),
(246, 'Eje', 'oriente', '132', 42634),
(247, 'Calzada', 'sur', '1286', 60215),
(248, 'Eje', 'norte', '1231A', 79251),
(249, 'Avenida', 'surponiente', '1865A', 2063),
(250, 'Cerrada', 'surponiente', '59C', 89834),
(251, 'Eje', 'norponiente', '49B', 12279),
(252, 'Cerrada', 'sur', '186', 64237),
(253, 'Cerrada', 'norponiente', '2842A', 54643),
(254, 'Avenida', 'norponiente', '1083A', 23259),
(255, 'Calle', 'suroriente', '2474B', 37673),
(256, 'Calle', 'oriente', '931', 98574),
(257, 'Callejon', 'surponiente', '345A', 7678),
(258, 'Cerrada', 'poniente', '168', 70167),
(259, 'Privada', 'nororiente', '2391C', 2567),
(260, 'Cerrada', 'norte', '1249B', 10565),
(261, 'Avenida', 'suroriente', '1702B', 93968),
(262, 'Calzada', 'oriente', '1441A', 41579),
(263, 'Calle', 'suroriente', '790B', 77292),
(264, 'Avenida', 'surponiente', '1305', 81201),
(265, 'Camino a ', 'surponiente', '965B', 98697),
(266, 'Callejon', 'suroriente', '2887B', 52602),
(267, 'Calle', 'surponiente', '339C', 50809),
(268, 'Cerrada', 'oriente', '1499B', 81838),
(269, 'Calle', 'norte', '1735', 46028),
(270, 'Avenida', 'norte', '2253A', 61058),
(271, 'Cerrada', 'oriente', '1257', 54529),
(272, 'Calzada', 'poniente', '1156C', 41382),
(273, 'Camino a ', 'suroriente', '2107C', 79758),
(274, 'Cerrada', 'suroriente', '2413', 6569),
(275, 'Cerrada', 'norponiente', '2903B', 33385),
(276, 'Cerrada', 'oriente', '2711C', 7491),
(277, 'Cerrada', 'norponiente', '2902C', 55954),
(278, 'Cerrada', 'nororiente', '2215C', 32898),
(279, 'Calle', 'nororiente', '31C', 13917),
(280, 'Camino a ', 'poniente', '108B', 24126),
(281, 'Privada', 'norponiente', '1225C', 1367),
(282, 'Avenida', 'surponiente', '1028C', 21978),
(283, 'Privada', 'oriente', '2464A', 1749),
(284, 'Eje', 'norponiente', '2257A', 76004),
(285, 'Eje', 'suroriente', '2867C', 498),
(286, 'Cerrada', 'sur', '896C', 52684),
(287, 'Avenida', 'norponiente', '955A', 64121),
(288, 'Camino a ', 'sur', '404', 76211),
(289, 'Callejon', 'nororiente', '2371A', 77480),
(290, 'Privada', 'norponiente', '369B', 5957),
(291, 'Callejon', 'norponiente', '240', 95213),
(292, 'Avenida', 'sur', '2274B', 17453),
(293, 'Callejon', 'surponiente', '1507B', 9466),
(294, 'Callejon', 'nororiente', '2669A', 42435),
(295, 'Avenida', 'norponiente', '1737A', 70707),
(296, 'Eje', 'sur', '859', 71024),
(297, 'Cerrada', 'nororiente', '641', 2961),
(298, 'Eje', 'surponiente', '2973C', 21273),
(299, 'Eje', 'norponiente', '1042A', 26551),
(300, 'Callejon', 'poniente', '2632A', 96737),
(301, 'Avenida', 'nororiente', '839A', 41471),
(302, 'Callejon', 'norponiente', '141', 58281),
(303, 'Privada', 'poniente', '234C', 89038),
(304, 'Eje', 'sur', '920A', 97623),
(305, 'Calzada', 'norponiente', '1726A', 55026),
(306, 'Avenida', 'norte', '221B', 3001),
(307, 'Avenida', 'surponiente', '1152C', 85244),
(308, 'Camino a ', 'oriente', '2027', 91268),
(309, 'Callejon', 'poniente', '1924B', 19535),
(310, 'Callejon', 'norponiente', '603', 71716),
(311, 'Avenida', 'norponiente', '93B', 29501),
(312, 'Cerrada', 'suroriente', '569B', 70191),
(313, 'Cerrada', 'norte', '494A', 51539),
(314, 'Calzada', 'poniente', '1608A', 89800),
(315, 'Avenida', 'norponiente', '2977C', 83910),
(316, 'Camino a ', 'suroriente', '2299B', 68656),
(317, 'Cerrada', 'oriente', '1055C', 76746),
(318, 'Camino a ', 'surponiente', '773B', 77162),
(319, 'Cerrada', 'norponiente', '1750C', 41980),
(320, 'Cerrada', 'norponiente', '507C', 10766),
(321, 'Privada', 'sur', '2297A', 84801),
(322, 'Privada', 'norponiente', '1970', 58866),
(323, 'Calle', 'suroriente', '824B', 24249),
(324, 'Cerrada', 'oriente', '2801', 73649),
(325, 'Callejon', 'sur', '285C', 91006),
(326, 'Calle', 'suroriente', '1865B', 17285),
(327, 'Callejon', 'suroriente', '1520C', 62271),
(328, 'Avenida', 'norte', '1866C', 7902),
(329, 'Avenida', 'nororiente', '425B', 44179),
(330, 'Privada', 'norponiente', '89C', 41430),
(331, 'Callejon', 'norponiente', '2938B', 46537),
(332, 'Cerrada', 'oriente', '2428', 16375),
(333, 'Callejon', 'surponiente', '106B', 88582),
(334, 'Cerrada', 'nororiente', '1761C', 32305),
(335, 'Callejon', 'surponiente', '1294', 56873),
(336, 'Avenida', 'oriente', '2383C', 66681),
(337, 'Calle', 'oriente', '902', 14713),
(338, 'Camino a ', 'poniente', '2815', 67359),
(339, 'Avenida', 'sur', '2657B', 23500),
(340, 'Avenida', 'suroriente', '626B', 88651),
(341, 'Cerrada', 'oriente', '2843A', 51981),
(342, 'Calle', 'poniente', '810A', 79239),
(343, 'Eje', 'surponiente', '2064C', 52323),
(344, 'Cerrada', 'norponiente', '1771B', 90206),
(345, 'Avenida', 'suroriente', '548A', 562),
(346, 'Camino a ', 'norponiente', '612A', 71225),
(347, 'Cerrada', 'poniente', '1320B', 75108),
(348, 'Camino a ', 'suroriente', '1488C', 79889),
(349, 'Calle', 'suroriente', '2061C', 68380),
(350, 'Cerrada', 'poniente', '1537A', 70806),
(351, 'Eje', 'norte', '298', 50033),
(352, 'Calzada', 'poniente', '2747A', 59487),
(353, 'Eje', 'sur', '1998A', 20922),
(354, 'Cerrada', 'poniente', '180', 36918),
(355, 'Cerrada', 'poniente', '285B', 38615),
(356, 'Avenida', 'sur', '1765', 47879),
(357, 'Cerrada', 'suroriente', '49C', 96618),
(358, 'Cerrada', 'nororiente', '1280A', 25462),
(359, 'Privada', 'sur', '888', 51291),
(360, 'Privada', 'norponiente', '924A', 8377),
(361, 'Callejon', 'norponiente', '108', 66774),
(362, 'Privada', 'nororiente', '2561B', 81646),
(363, 'Cerrada', 'nororiente', '186C', 11883),
(364, 'Avenida', 'nororiente', '1385A', 72473),
(365, 'Cerrada', 'sur', '190', 41479),
(366, 'Callejon', 'norte', '1545B', 41767),
(367, 'Calzada', 'suroriente', '1189B', 45871),
(368, 'Privada', 'surponiente', '2542C', 8952),
(369, 'Eje', 'nororiente', '927A', 25588),
(370, 'Calle', 'sur', '1866B', 7915),
(371, 'Calle', 'surponiente', '1310', 53823),
(372, 'Calzada', 'suroriente', '825B', 12950),
(373, 'Privada', 'norte', '2780B', 56788),
(374, 'Avenida', 'sur', '1591', 34060),
(375, 'Callejon', 'nororiente', '370C', 40432),
(376, 'Calzada', 'sur', '1752C', 11490),
(377, 'Cerrada', 'norte', '182', 2856),
(378, 'Eje', 'poniente', '2546B', 54828),
(379, 'Camino a ', 'poniente', '2685B', 21488),
(380, 'Avenida', 'oriente', '1416C', 16590),
(381, 'Avenida', 'nororiente', '591', 33541),
(382, 'Camino a ', 'oriente', '1544A', 82150),
(383, 'Privada', 'surponiente', '2102B', 29641),
(384, 'Eje', 'nororiente', '2910A', 1956),
(385, 'Callejon', 'surponiente', '1946A', 9078),
(386, 'Calzada', 'norte', '2845A', 50785),
(387, 'Privada', 'norte', '1286A', 53142),
(388, 'Avenida', 'nororiente', '1436C', 75728),
(389, 'Eje', 'suroriente', '1251B', 26081),
(390, 'Cerrada', 'poniente', '2035B', 94494),
(391, 'Cerrada', 'sur', '304B', 35702),
(392, 'Privada', 'norponiente', '100', 73638),
(393, 'Camino a ', 'sur', '2926A', 84564),
(394, 'Privada', 'poniente', '834A', 35439),
(395, 'Calle', 'nororiente', '2456', 53364),
(396, 'Calzada', 'sur', '2556C', 24321),
(397, 'Avenida', 'nororiente', '2245A', 28058),
(398, 'Callejon', 'poniente', '181B', 83068),
(399, 'Privada', 'poniente', '1454B', 69727),
(400, 'Privada', 'suroriente', '858B', 34339),
(401, 'Calzada', 'sur', '561C', 78175),
(402, 'Calle', 'nororiente', '2198A', 97481),
(403, 'Calzada', 'poniente', '2417', 25979),
(404, 'Calzada', 'suroriente', '11A', 3809),
(405, 'Calle', 'norponiente', '1087', 9674),
(406, 'Cerrada', 'surponiente', '391', 95909),
(407, 'Callejon', 'sur', '2714A', 91131),
(408, 'Callejon', 'suroriente', '1797', 76284),
(409, 'Callejon', 'suroriente', '2856C', 3881),
(410, 'Callejon', 'norte', '654B', 70607),
(411, 'Camino a ', 'oriente', '507', 56394),
(412, 'Privada', 'norponiente', '2558B', 66788),
(413, 'Camino a ', 'suroriente', '986B', 63455),
(414, 'Calle', 'poniente', '2319A', 66028),
(415, 'Calzada', 'oriente', '1859', 65982),
(416, 'Callejon', 'sur', '1615A', 1631),
(417, 'Cerrada', 'oriente', '642', 42749),
(418, 'Avenida', 'nororiente', '1674', 51751),
(419, 'Camino a ', 'norte', '492B', 56643),
(420, 'Calzada', 'sur', '75B', 86778),
(421, 'Eje', 'nororiente', '59C', 35552),
(422, 'Privada', 'norponiente', '949B', 58168),
(423, 'Eje', 'oriente', '1762B', 51994),
(424, 'Calle', 'sur', '2682B', 65252),
(425, 'Camino a ', 'poniente', '1684A', 74739),
(426, 'Avenida', 'sur', '1898B', 57424),
(427, 'Calle', 'suroriente', '85A', 5184),
(428, 'Eje', 'norte', '1390C', 78110),
(429, 'Calzada', 'nororiente', '886A', 24304),
(430, 'Privada', 'suroriente', '1630', 33625),
(431, 'Privada', 'surponiente', '2917C', 64600),
(432, 'Privada', 'sur', '1191A', 86176),
(433, 'Eje', 'nororiente', '1839C', 35420),
(434, 'Avenida', 'poniente', '2401C', 29746),
(435, 'Calle', 'norte', '1552', 52283),
(436, 'Privada', 'suroriente', '1672A', 64720),
(437, 'Eje', 'surponiente', '2998', 83582),
(438, 'Calle', 'norte', '2547', 60083),
(439, 'Calle', 'norponiente', '2273', 97271),
(440, 'Calzada', 'poniente', '2571', 37853),
(441, 'Eje', 'nororiente', '184', 41488),
(442, 'Callejon', 'sur', '2710C', 42521),
(443, 'Avenida', 'poniente', '2008C', 84520),
(444, 'Avenida', 'surponiente', '486A', 47355),
(445, 'Eje', 'poniente', '1562C', 67135),
(446, 'Callejon', 'suroriente', '2948', 37190),
(447, 'Calle', 'sur', '2342C', 1041),
(448, 'Avenida', 'poniente', '635B', 6139),
(449, 'Avenida', 'oriente', '792B', 45697),
(450, 'Calle', 'surponiente', '1225B', 87436),
(451, 'Privada', 'norte', '786', 49739),
(452, 'Calle', 'norponiente', '342A', 49497),
(453, 'Callejon', 'norte', '1370B', 79950),
(454, 'Callejon', 'poniente', '116C', 13340),
(455, 'Camino a ', 'suroriente', '2357C', 41898),
(456, 'Camino a ', 'norte', '678B', 2650),
(457, 'Calzada', 'poniente', '1615A', 93584),
(458, 'Callejon', 'norponiente', '1452C', 33222),
(459, 'Camino a ', 'surponiente', '1997B', 91496),
(460, 'Cerrada', 'oriente', '328B', 49008),
(461, 'Calle', 'norte', '1899C', 47365),
(462, 'Eje', 'sur', '1889A', 15870),
(463, 'Camino a ', 'oriente', '955C', 9488),
(464, 'Calle', 'surponiente', '2488A', 46898),
(465, 'Privada', 'suroriente', '1625C', 2098),
(466, 'Eje', 'norponiente', '188A', 78374),
(467, 'Callejon', 'sur', '155C', 61813),
(468, 'Cerrada', 'suroriente', '177C', 23287),
(469, 'Avenida', 'sur', '23', 6441),
(470, 'Avenida', 'norte', '1242', 24635),
(471, 'Cerrada', 'sur', '1642B', 22314),
(472, 'Privada', 'suroriente', '985A', 64352),
(473, 'Camino a ', 'norponiente', '1174A', 77016),
(474, 'Avenida', 'nororiente', '570A', 62767),
(475, 'Cerrada', 'sur', '479B', 84801),
(476, 'Calzada', 'surponiente', '845B', 63458),
(477, 'Camino a ', 'suroriente', '690A', 75821),
(478, 'Calzada', 'oriente', '1220B', 50683),
(479, 'Avenida', 'surponiente', '1031', 61355),
(480, 'Cerrada', 'nororiente', '2948A', 63328),
(481, 'Cerrada', 'norte', '1241', 55754),
(482, 'Cerrada', 'norponiente', '642B', 87259),
(483, 'Avenida', 'norponiente', '253B', 7455),
(484, 'Eje', 'poniente', '448A', 42880),
(485, 'Privada', 'oriente', '2595C', 75089),
(486, 'Avenida', 'nororiente', '2233A', 9495),
(487, 'Callejon', 'norponiente', '606A', 40804),
(488, 'Privada', 'poniente', '2061A', 88359),
(489, 'Eje', 'suroriente', '2002A', 20957),
(490, 'Calle', 'poniente', '1832A', 64113),
(491, 'Avenida', 'nororiente', '2365', 53682),
(492, 'Camino a ', 'suroriente', '144B', 32985),
(493, 'Calle', 'oriente', '1697C', 76372),
(494, 'Eje', 'sur', '2506A', 92997),
(495, 'Privada', 'oriente', '2498A', 71338),
(496, 'Calzada', 'norte', '2217C', 66463),
(497, 'Callejon', 'oriente', '1911B', 25984),
(498, 'Avenida', 'sur', '1501C', 3844),
(499, 'Privada', 'surponiente', '887C', 72371),
(500, 'Cerrada', 'poniente', '2306', 11243),
(501, 'Eje', 'suroriente', '2099B', 27669),
(502, 'Callejon', 'norte', '205B', 92311),
(503, 'Avenida', 'surponiente', '1525A', 2129),
(504, 'Cerrada', 'surponiente', '2826B', 83429),
(505, 'Callejon', 'nororiente', '2223C', 49149),
(506, 'Avenida', 'nororiente', '465B', 96809),
(507, 'Callejon', 'oriente', '2324C', 42067),
(508, 'Camino a ', 'suroriente', '2061', 4766),
(509, 'Privada', 'poniente', '630C', 77172),
(510, 'Privada', 'surponiente', '1509B', 8974),
(511, 'Calle', 'norte', '1496B', 25502),
(512, 'Privada', 'sur', '1560B', 68058),
(513, 'Eje', 'poniente', '1646C', 37361),
(514, 'Cerrada', 'norte', '132', 68655),
(515, 'Avenida', 'surponiente', '2903A', 64546),
(516, 'Camino a ', 'norponiente', '1060B', 55838),
(517, 'Callejon', 'surponiente', '2171A', 84556),
(518, 'Calle', 'nororiente', '675C', 60061),
(519, 'Calzada', 'norponiente', '515A', 93951),
(520, 'Camino a ', 'poniente', '1773A', 64989),
(521, 'Avenida', 'oriente', '2540', 22515),
(522, 'Calle', 'sur', '674C', 85442),
(523, 'Avenida', 'poniente', '2021', 84366),
(524, 'Avenida', 'poniente', '1037C', 14392),
(525, 'Callejon', 'norte', '538A', 97002),
(526, 'Eje', 'norte', '848C', 88460),
(527, 'Eje', 'suroriente', '1788', 81918),
(528, 'Calzada', 'sur', '556C', 24522),
(529, 'Callejon', 'oriente', '2875B', 21756),
(530, 'Privada', 'suroriente', '374', 64043),
(531, 'Avenida', 'surponiente', '725', 91188),
(532, 'Callejon', 'suroriente', '1528B', 78212),
(533, 'Calle', 'norte', '1485C', 28432),
(534, 'Eje', 'norponiente', '1166', 97236),
(535, 'Calzada', 'poniente', '2185B', 75552),
(536, 'Avenida', 'sur', '129B', 42584),
(537, 'Eje', 'nororiente', '2856', 51508),
(538, 'Callejon', 'poniente', '47B', 10161),
(539, 'Cerrada', 'sur', '845', 2433),
(540, 'Privada', 'norte', '2817B', 56394),
(541, 'Avenida', 'norponiente', '124C', 72217),
(542, 'Calle', 'norponiente', '2424A', 87820),
(543, 'Avenida', 'sur', '1530A', 341),
(544, 'Privada', 'norponiente', '2054', 28750),
(545, 'Eje', 'surponiente', '1907A', 15856),
(546, 'Camino a ', 'nororiente', '2204B', 71049),
(547, 'Cerrada', 'oriente', '144A', 32586),
(548, 'Camino a ', 'nororiente', '960A', 9337),
(549, 'Eje', 'norponiente', '2838B', 36348),
(550, 'Avenida', 'norte', '325B', 79468),
(551, 'Avenida', 'norponiente', '1398', 98346),
(552, 'Callejon', 'nororiente', '1472', 81959),
(553, 'Camino a ', 'surponiente', '1454C', 46684),
(554, 'Eje', 'norponiente', '1344B', 4773),
(555, 'Eje', 'norponiente', '619A', 4196),
(556, 'Callejon', 'oriente', '1476B', 92287),
(557, 'Calle', 'norte', '1477A', 71806),
(558, 'Calle', 'norte', '2108C', 24227),
(559, 'Avenida', 'suroriente', '1888A', 29428),
(560, 'Callejon', 'sur', '2326', 7338),
(561, 'Eje', 'oriente', '2685A', 16669),
(562, 'Eje', 'oriente', '1535B', 69609),
(563, 'Camino a ', 'norponiente', '2817C', 40389),
(564, 'Calzada', 'nororiente', '1038C', 28225),
(565, 'Calle', 'suroriente', '407C', 42649),
(566, 'Calzada', 'poniente', '1055A', 49350),
(567, 'Eje', 'nororiente', '2632C', 38684),
(568, 'Eje', 'oriente', '298C', 95279),
(569, 'Cerrada', 'suroriente', '1214B', 40009),
(570, 'Privada', 'surponiente', '2184C', 15915),
(571, 'Camino a ', 'norponiente', '1781', 54456),
(572, 'Privada', 'norponiente', '1266B', 46614),
(573, 'Eje', 'nororiente', '2720C', 58045),
(574, 'Cerrada', 'oriente', '188B', 97896),
(575, 'Calle', 'poniente', '27B', 34005),
(576, 'Cerrada', 'norte', '914B', 61680),
(577, 'Avenida', 'suroriente', '2345', 38510),
(578, 'Callejon', 'norponiente', '1650B', 15567),
(579, 'Calzada', 'sur', '1012C', 30803),
(580, 'Cerrada', 'surponiente', '2448', 1290),
(581, 'Privada', 'nororiente', '662B', 58247),
(582, 'Privada', 'norponiente', '151C', 42962),
(583, 'Calzada', 'nororiente', '450A', 65450),
(584, 'Avenida', 'nororiente', '31', 2988),
(585, 'Cerrada', 'oriente', '367A', 39394),
(586, 'Privada', 'surponiente', '102B', 62797),
(587, 'Privada', 'norte', '1553A', 47357),
(588, 'Calzada', 'poniente', '790', 38515),
(589, 'Callejon', 'nororiente', '1080', 34271),
(590, 'Camino a ', 'sur', '2077C', 88774),
(591, 'Camino a ', 'surponiente', '935B', 79869),
(592, 'Eje', 'norponiente', '1684A', 17461),
(593, 'Calzada', 'suroriente', '1051A', 24961),
(594, 'Camino a ', 'norte', '1772B', 48025),
(595, 'Calzada', 'nororiente', '2078', 4202),
(596, 'Cerrada', 'nororiente', '1528', 72985),
(597, 'Eje', 'nororiente', '462B', 10752),
(598, 'Calzada', 'suroriente', '1956B', 9594),
(599, 'Avenida', 'norte', '573C', 16951),
(600, 'Avenida', 'nororiente', '1988C', 19797),
(601, 'Camino a ', 'surponiente', '2302', 59962),
(602, 'Camino a ', 'suroriente', '2507C', 58023),
(603, 'Avenida', 'norte', '1593', 38022),
(604, 'Calzada', 'poniente', '998', 7300),
(605, 'Eje', 'surponiente', '1867A', 35248),
(606, 'Calzada', 'sur', '1786', 59169),
(607, 'Eje', 'nororiente', '1619C', 50642),
(608, 'Calle', 'suroriente', '576C', 14026),
(609, 'Callejon', 'norte', '1635B', 61318),
(610, 'Avenida', 'sur', '276', 84507),
(611, 'Calle', 'poniente', '143', 52662),
(612, 'Privada', 'suroriente', '2493C', 81193),
(613, 'Calzada', 'suroriente', '1805C', 45960),
(614, 'Calzada', 'oriente', '528', 72166),
(615, 'Camino a ', 'surponiente', '2062B', 12603),
(616, 'Cerrada', 'norte', '2787B', 25323),
(617, 'Camino a ', 'suroriente', '911C', 84546),
(618, 'Camino a ', 'norponiente', '1023B', 30984),
(619, 'Privada', 'suroriente', '2616B', 87852),
(620, 'Calle', 'sur', '2512', 68533),
(621, 'Avenida', 'oriente', '1883B', 9645),
(622, 'Calle', 'oriente', '655C', 35838),
(623, 'Calzada', 'surponiente', '147C', 29158),
(624, 'Calzada', 'nororiente', '553C', 5146),
(625, 'Cerrada', 'oriente', '527B', 46017),
(626, 'Avenida', 'sur', '2033A', 41458),
(627, 'Calzada', 'oriente', '1546C', 5913),
(628, 'Calle', 'nororiente', '1726', 24881),
(629, 'Eje', 'surponiente', '1760B', 53191),
(630, 'Avenida', 'sur', '810B', 88850),
(631, 'Calzada', 'norponiente', '2101C', 71902),
(632, 'Privada', 'poniente', '1718B', 48848),
(633, 'Calzada', 'norponiente', '2976', 2917),
(634, 'Calle', 'norponiente', '1708B', 11326),
(635, 'Privada', 'suroriente', '2508B', 70003),
(636, 'Avenida', 'suroriente', '2764A', 66133),
(637, 'Cerrada', 'norte', '2741A', 40119),
(638, 'Eje', 'oriente', '2851B', 8018),
(639, 'Calzada', 'surponiente', '1052B', 7905),
(640, 'Privada', 'norte', '1247B', 2663),
(641, 'Privada', 'surponiente', '1477', 58535),
(642, 'Cerrada', 'norponiente', '1392B', 36556),
(643, 'Callejon', 'poniente', '499B', 52203),
(644, 'Calzada', 'norte', '2649A', 49518),
(645, 'Privada', 'nororiente', '1051B', 47993),
(646, 'Cerrada', 'sur', '2323A', 50390),
(647, 'Camino a ', 'suroriente', '892A', 77201),
(648, 'Callejon', 'surponiente', '1540C', 36727),
(649, 'Calle', 'norte', '2100A', 74242),
(650, 'Privada', 'nororiente', '1673A', 17991),
(651, 'Cerrada', 'norponiente', '2413A', 78519),
(652, 'Calzada', 'norte', '474B', 52984),
(653, 'Privada', 'nororiente', '1603B', 59502),
(654, 'Avenida', 'oriente', '1118', 92911),
(655, 'Privada', 'nororiente', '584', 66996),
(656, 'Eje', 'surponiente', '811B', 23525),
(657, 'Cerrada', 'surponiente', '2569C', 87283),
(658, 'Camino a ', 'norte', '2294', 28358),
(659, 'Camino a ', 'nororiente', '2479B', 7585),
(660, 'Callejon', 'suroriente', '2669B', 98751),
(661, 'Avenida', 'suroriente', '2824B', 75689),
(662, 'Calzada', 'nororiente', '863C', 75622),
(663, 'Calle', 'sur', '2146C', 30766),
(664, 'Calzada', 'nororiente', '1254B', 40928),
(665, 'Avenida', 'norponiente', '1683C', 81271),
(666, 'Cerrada', 'norponiente', '580B', 5335),
(667, 'Calzada', 'oriente', '1302', 5646),
(668, 'Calzada', 'oriente', '2937B', 66554),
(669, 'Cerrada', 'oriente', '2838B', 3594),
(670, 'Calle', 'suroriente', '2303A', 27113),
(671, 'Privada', 'oriente', '1324A', 79196),
(672, 'Eje', 'poniente', '2462A', 86709),
(673, 'Callejon', 'surponiente', '31B', 57966),
(674, 'Privada', 'surponiente', '2037B', 31760),
(675, 'Camino a ', 'oriente', '848', 55122),
(676, 'Privada', 'norte', '1698B', 73850),
(677, 'Camino a ', 'oriente', '73A', 81289),
(678, 'Calzada', 'norponiente', '716', 54693),
(679, 'Camino a ', 'oriente', '1688A', 61632),
(680, 'Privada', 'poniente', '302A', 86208),
(681, 'Cerrada', 'surponiente', '1439B', 96758),
(682, 'Camino a ', 'sur', '526A', 13816),
(683, 'Callejon', 'sur', '1525C', 19804),
(684, 'Cerrada', 'suroriente', '1646A', 41031),
(685, 'Eje', 'poniente', '1096B', 54064),
(686, 'Calle', 'sur', '1130A', 13496),
(687, 'Cerrada', 'sur', '651B', 80482),
(688, 'Calzada', 'nororiente', '229B', 12527),
(689, 'Calle', 'surponiente', '1335A', 13932),
(690, 'Calle', 'sur', '159B', 67794),
(691, 'Callejon', 'norte', '1207', 33509),
(692, 'Eje', 'surponiente', '740B', 55402),
(693, 'Avenida', 'suroriente', '1236', 92252),
(694, 'Avenida', 'suroriente', '2875', 78478),
(695, 'Calzada', 'norte', '1662', 33753),
(696, 'Callejon', 'nororiente', '731C', 62428),
(697, 'Privada', 'suroriente', '2955A', 40613),
(698, 'Privada', 'norte', '1819C', 79761),
(699, 'Callejon', 'norponiente', '2840', 13729),
(700, 'Calzada', 'oriente', '1732', 4465),
(701, 'Privada', 'nororiente', '303A', 30948),
(702, 'Avenida', 'surponiente', '2742B', 3037),
(703, 'Eje', 'nororiente', '2562C', 68654),
(704, 'Cerrada', 'nororiente', '2397B', 63822),
(705, 'Calzada', 'norte', '1092A', 3001),
(706, 'Callejon', 'suroriente', '970B', 95237),
(707, 'Cerrada', 'suroriente', '1982', 96609),
(708, 'Calzada', 'norponiente', '1064', 42780),
(709, 'Avenida', 'surponiente', '2461B', 70606),
(710, 'Calzada', 'norponiente', '780B', 20697),
(711, 'Calzada', 'norponiente', '849A', 91945),
(712, 'Avenida', 'norponiente', '2797', 87505),
(713, 'Calle', 'norte', '2797A', 57275),
(714, 'Camino a ', 'surponiente', '2136A', 52703),
(715, 'Calzada', 'nororiente', '1423C', 52287),
(716, 'Camino a ', 'surponiente', '1731A', 16429),
(717, 'Calle', 'sur', '1069', 63268),
(718, 'Avenida', 'sur', '2508', 35098),
(719, 'Avenida', 'norponiente', '355C', 71481),
(720, 'Camino a ', 'poniente', '1154A', 3549),
(721, 'Calle', 'oriente', '2240A', 17271),
(722, 'Cerrada', 'surponiente', '2221', 72551),
(723, 'Calle', 'surponiente', '1732B', 21419),
(724, 'Avenida', 'surponiente', '2441B', 52867),
(725, 'Calzada', 'surponiente', '1037C', 77924),
(726, 'Eje', 'norte', '64', 5232),
(727, 'Calzada', 'norponiente', '1577B', 17113),
(728, 'Eje', 'poniente', '1523C', 4494),
(729, 'Eje', 'norponiente', '1651', 79829),
(730, 'Calle', 'norponiente', '568', 62795),
(731, 'Calzada', 'oriente', '1364A', 87451),
(732, 'Camino a ', 'norte', '175A', 93682),
(733, 'Cerrada', 'surponiente', '19A', 13238),
(734, 'Callejon', 'sur', '2583C', 2657),
(735, 'Callejon', 'suroriente', '656B', 38897),
(736, 'Avenida', 'suroriente', '932B', 83244),
(737, 'Calle', 'norte', '23A', 35407),
(738, 'Avenida', 'norte', '1400B', 1648),
(739, 'Avenida', 'oriente', '1699C', 84934),
(740, 'Avenida', 'surponiente', '1964C', 33541),
(741, 'Callejon', 'norte', '493B', 10651),
(742, 'Eje', 'norte', '808C', 26144),
(743, 'Callejon', 'suroriente', '1752C', 14286),
(744, 'Cerrada', 'poniente', '707', 42320),
(745, 'Eje', 'norte', '1019A', 16346),
(746, 'Cerrada', 'poniente', '2056C', 4798),
(747, 'Cerrada', 'sur', '1131A', 78949),
(748, 'Callejon', 'nororiente', '507B', 74354),
(749, 'Calzada', 'oriente', '2538B', 79590),
(750, 'Eje', 'suroriente', '738', 79981),
(751, 'Eje', 'sur', '314C', 4737),
(752, 'Calzada', 'surponiente', '1950', 51878),
(753, 'Avenida', 'poniente', '2262C', 18909),
(754, 'Eje', 'norponiente', '174B', 2973),
(755, 'Cerrada', 'surponiente', '2078B', 94451),
(756, 'Eje', 'oriente', '932B', 37426),
(757, 'Privada', 'suroriente', '2870A', 44294),
(758, 'Calzada', 'norponiente', '816C', 56885),
(759, 'Avenida', 'suroriente', '483', 12932),
(760, 'Calle', 'oriente', '873C', 16633),
(761, 'Callejon', 'suroriente', '944C', 13952),
(762, 'Avenida', 'norponiente', '2710', 68140),
(763, 'Privada', 'suroriente', '1532A', 75082),
(764, 'Camino a ', 'norponiente', '820', 64134),
(765, 'Calle', 'surponiente', '2438B', 55497),
(766, 'Camino a ', 'surponiente', '949A', 80254),
(767, 'Calzada', 'oriente', '1640C', 72516),
(768, 'Cerrada', 'oriente', '459', 95600),
(769, 'Cerrada', 'oriente', '428', 10862),
(770, 'Cerrada', 'suroriente', '2466A', 75417),
(771, 'Camino a ', 'surponiente', '2526C', 85776),
(772, 'Avenida', 'sur', '317', 12399),
(773, 'Calzada', 'nororiente', '1654B', 53960),
(774, 'Eje', 'surponiente', '390', 5212),
(775, 'Camino a ', 'poniente', '819', 4073),
(776, 'Calle', 'surponiente', '1676', 90305),
(777, 'Calzada', 'norponiente', '292B', 58130),
(778, 'Callejon', 'surponiente', '2513A', 85554),
(779, 'Avenida', 'norponiente', '637A', 6201),
(780, 'Cerrada', 'sur', '2921A', 28979),
(781, 'Calle', 'nororiente', '2040C', 62607),
(782, 'Camino a ', 'sur', '2242C', 69659),
(783, 'Avenida', 'suroriente', '1511', 76746),
(784, 'Cerrada', 'norte', '1181C', 94862),
(785, 'Cerrada', 'surponiente', '992', 89667),
(786, 'Eje', 'poniente', '1666C', 85553),
(787, 'Calle', 'poniente', '2393C', 65854),
(788, 'Camino a ', 'nororiente', '1302C', 50367),
(789, 'Calle', 'surponiente', '882A', 40754),
(790, 'Callejon', 'sur', '1130', 58305),
(791, 'Cerrada', 'surponiente', '2085B', 77692),
(792, 'Avenida', 'sur', '2260B', 74070),
(793, 'Eje', 'suroriente', '1066A', 45757),
(794, 'Calzada', 'poniente', '1918A', 26788),
(795, 'Calle', 'nororiente', '1203B', 32364),
(796, 'Calzada', 'nororiente', '217B', 68822),
(797, 'Camino a ', 'oriente', '2172B', 38679),
(798, 'Eje', 'norte', '310B', 10393),
(799, 'Calle', 'poniente', '824', 58311),
(800, 'Callejon', 'nororiente', '1449', 20439),
(801, 'Cerrada', 'norte', '1585B', 29248),
(802, 'Avenida', 'surponiente', '478B', 35694),
(803, 'Cerrada', 'oriente', '2194B', 37316),
(804, 'Avenida', 'surponiente', '393C', 54795),
(805, 'Avenida', 'sur', '1913B', 29532),
(806, 'Eje', 'poniente', '237C', 81574),
(807, 'Callejon', 'oriente', '1334B', 11929),
(808, 'Eje', 'norte', '1055A', 88789),
(809, 'Camino a ', 'surponiente', '266', 84362),
(810, 'Privada', 'norponiente', '1824C', 3886),
(811, 'Cerrada', 'nororiente', '2058B', 9650),
(812, 'Calle', 'poniente', '2930A', 35804),
(813, 'Cerrada', 'oriente', '2591A', 8324),
(814, 'Calle', 'oriente', '385C', 66153),
(815, 'Camino a ', 'norponiente', '2806C', 19365),
(816, 'Eje', 'surponiente', '2548A', 32828),
(817, 'Avenida', 'sur', '439B', 2245),
(818, 'Privada', 'suroriente', '1911C', 66278),
(819, 'Privada', 'surponiente', '1799B', 57446),
(820, 'Calzada', 'poniente', '1605C', 64504),
(821, 'Avenida', 'surponiente', '1370C', 81505),
(822, 'Calle', 'poniente', '2828B', 1673),
(823, 'Calle', 'suroriente', '2391C', 47574),
(824, 'Calle', 'surponiente', '2531A', 64862),
(825, 'Callejon', 'suroriente', '797C', 77121),
(826, 'Callejon', 'surponiente', '2448A', 35552),
(827, 'Privada', 'sur', '1981', 5652),
(828, 'Privada', 'norte', '130A', 31512),
(829, 'Privada', 'sur', '2320C', 97355),
(830, 'Avenida', 'poniente', '873', 35548),
(831, 'Avenida', 'norte', '1678B', 96288),
(832, 'Cerrada', 'nororiente', '1756B', 37536),
(833, 'Calzada', 'suroriente', '1624', 98683),
(834, 'Eje', 'oriente', '2895B', 44075),
(835, 'Avenida', 'oriente', '2865A', 84065),
(836, 'Callejon', 'sur', '2225A', 95230),
(837, 'Cerrada', 'nororiente', '1744B', 75208),
(838, 'Avenida', 'norponiente', '2765B', 35210),
(839, 'Callejon', 'surponiente', '1015B', 26353),
(840, 'Eje', 'oriente', '2401', 9268),
(841, 'Cerrada', 'norponiente', '913', 29081),
(842, 'Camino a ', 'sur', '2572B', 16078),
(843, 'Cerrada', 'suroriente', '2552B', 32626),
(844, 'Privada', 'surponiente', '1095', 50729),
(845, 'Calzada', 'poniente', '1398A', 43238),
(846, 'Privada', 'poniente', '249C', 41983),
(847, 'Calzada', 'sur', '2184C', 12180),
(848, 'Calzada', 'norponiente', '2577A', 32757),
(849, 'Calzada', 'poniente', '2583A', 95629),
(850, 'Avenida', 'nororiente', '1045A', 72720),
(851, 'Avenida', 'norte', '1992', 53829),
(852, 'Calzada', 'oriente', '1642B', 43439),
(853, 'Callejon', 'suroriente', '176B', 97312),
(854, 'Avenida', 'nororiente', '2499', 20659),
(855, 'Callejon', 'norponiente', '1659', 11507),
(856, 'Avenida', 'norponiente', '769', 750),
(857, 'Privada', 'suroriente', '2708A', 35114),
(858, 'Calzada', 'nororiente', '687B', 37350),
(859, 'Camino a ', 'norponiente', '2495B', 37817),
(860, 'Eje', 'suroriente', '1501B', 9195),
(861, 'Calzada', 'poniente', '2559B', 33153),
(862, 'Callejon', 'norponiente', '1719C', 54474),
(863, 'Calzada', 'norponiente', '2460C', 36396),
(864, 'Cerrada', 'suroriente', '2686B', 11933),
(865, 'Calle', 'suroriente', '1454C', 22315),
(866, 'Calzada', 'norponiente', '1058C', 94069),
(867, 'Callejon', 'nororiente', '108A', 44454),
(868, 'Calle', 'norte', '1760B', 97909),
(869, 'Callejon', 'nororiente', '1896C', 7805),
(870, 'Calzada', 'norponiente', '1416', 80968),
(871, 'Eje', 'norponiente', '1334', 64158),
(872, 'Callejon', 'nororiente', '2730B', 61632),
(873, 'Avenida', 'oriente', '2150', 98104),
(874, 'Camino a ', 'oriente', '2521', 24434),
(875, 'Callejon', 'poniente', '2983', 2451),
(876, 'Camino a ', 'nororiente', '1924A', 6884),
(877, 'Calzada', 'nororiente', '2317C', 48158),
(878, 'Callejon', 'oriente', '2139', 70923),
(879, 'Calle', 'nororiente', '1771A', 35626),
(880, 'Eje', 'norponiente', '56A', 64703),
(881, 'Callejon', 'norte', '1684A', 85260),
(882, 'Calzada', 'nororiente', '1239B', 15881),
(883, 'Camino a ', 'sur', '2593A', 75346),
(884, 'Camino a ', 'poniente', '483C', 25574),
(885, 'Privada', 'nororiente', '2839C', 11015),
(886, 'Avenida', 'norponiente', '2206A', 92367),
(887, 'Avenida', 'norte', '2090C', 16977),
(888, 'Privada', 'suroriente', '1920B', 54773),
(889, 'Calle', 'suroriente', '1152B', 24858),
(890, 'Cerrada', 'norponiente', '448A', 21227),
(891, 'Callejon', 'suroriente', '1443B', 891),
(892, 'Eje', 'suroriente', '2176', 84286),
(893, 'Avenida', 'suroriente', '2977A', 39958),
(894, 'Calzada', 'nororiente', '2696C', 23336),
(895, 'Cerrada', 'nororiente', '1600C', 32019),
(896, 'Callejon', 'oriente', '803', 32737),
(897, 'Calle', 'norponiente', '443C', 2857),
(898, 'Eje', 'surponiente', '677B', 19319),
(899, 'Eje', 'norponiente', '2622C', 91165),
(900, 'Calle', 'poniente', '768A', 54127),
(901, 'Camino a ', 'norponiente', '2920', 4999),
(902, 'Camino a ', 'norte', '736C', 87878),
(903, 'Calle', 'sur', '2584', 86641),
(904, 'Eje', 'oriente', '2511A', 51156),
(905, 'Callejon', 'norte', '1199C', 43255),
(906, 'Calle', 'nororiente', '1293C', 86688),
(907, 'Eje', 'oriente', '2330C', 71466),
(908, 'Camino a ', 'poniente', '2962', 16207),
(909, 'Avenida', 'surponiente', '2063', 98778),
(910, 'Callejon', 'suroriente', '854C', 48496),
(911, 'Camino a ', 'norte', '1587A', 40849),
(912, 'Camino a ', 'poniente', '217C', 56961),
(913, 'Eje', 'norponiente', '1326B', 75946),
(914, 'Calzada', 'norponiente', '1549A', 6784),
(915, 'Calzada', 'suroriente', '249C', 78792),
(916, 'Eje', 'surponiente', '758A', 34884),
(917, 'Calzada', 'nororiente', '487A', 35782),
(918, 'Privada', 'sur', '2938C', 61017),
(919, 'Cerrada', 'suroriente', '272B', 97579),
(920, 'Avenida', 'nororiente', '164C', 29620),
(921, 'Cerrada', 'suroriente', '1002C', 12121),
(922, 'Avenida', 'surponiente', '2016C', 49142),
(923, 'Camino a ', 'suroriente', '1381A', 47465),
(924, 'Eje', 'oriente', '1363', 83575),
(925, 'Camino a ', 'sur', '2659', 67850),
(926, 'Calzada', 'suroriente', '1058C', 84578),
(927, 'Calle', 'surponiente', '832C', 29220),
(928, 'Calzada', 'oriente', '1495B', 85664),
(929, 'Callejon', 'oriente', '1847C', 83873),
(930, 'Calzada', 'oriente', '2063B', 21564),
(931, 'Camino a ', 'nororiente', '1714', 70221),
(932, 'Cerrada', 'norte', '2491', 4413),
(933, 'Privada', 'norponiente', '2436', 24954),
(934, 'Privada', 'norponiente', '1206C', 11209),
(935, 'Privada', 'sur', '2697', 39519),
(936, 'Cerrada', 'poniente', '1419C', 47225),
(937, 'Eje', 'surponiente', '2709A', 45337),
(938, 'Callejon', 'poniente', '1786C', 59157),
(939, 'Callejon', 'surponiente', '1855B', 90799),
(940, 'Callejon', 'suroriente', '2638', 1766),
(941, 'Cerrada', 'sur', '1173', 39993),
(942, 'Callejon', 'suroriente', '701B', 31223),
(943, 'Privada', 'nororiente', '49B', 45323),
(944, 'Calle', 'norte', '1678B', 75994),
(945, 'Eje', 'sur', '2230', 15520),
(946, 'Cerrada', 'sur', '2534B', 5816),
(947, 'Camino a ', 'sur', '483B', 80871),
(948, 'Cerrada', 'surponiente', '1677C', 16423),
(949, 'Calzada', 'surponiente', '492B', 8118),
(950, 'Calzada', 'nororiente', '1810A', 82384),
(951, 'Camino a ', 'sur', '1379A', 28320),
(952, 'Calzada', 'suroriente', '2044', 38747),
(953, 'Camino a ', 'norponiente', '1147C', 25672),
(954, 'Avenida', 'nororiente', '942A', 10497),
(955, 'Privada', 'oriente', '1254B', 96835),
(956, 'Calzada', 'oriente', '1857A', 14932),
(957, 'Privada', 'oriente', '2019B', 3806),
(958, 'Avenida', 'suroriente', '853B', 27550),
(959, 'Avenida', 'poniente', '76B', 72727),
(960, 'Avenida', 'surponiente', '282C', 47339),
(961, 'Avenida', 'surponiente', '988', 11822),
(962, 'Callejon', 'suroriente', '2108A', 35363),
(963, 'Cerrada', 'oriente', '1523C', 32813),
(964, 'Camino a ', 'norte', '2055', 85414),
(965, 'Calzada', 'nororiente', '2162C', 42703),
(966, 'Calle', 'suroriente', '2815', 52286),
(967, 'Avenida', 'norponiente', '2819A', 16603),
(968, 'Callejon', 'nororiente', '830A', 86824),
(969, 'Privada', 'poniente', '2618B', 37857),
(970, 'Callejon', 'nororiente', '342C', 56647),
(971, 'Privada', 'sur', '1014B', 98890),
(972, 'Callejon', 'surponiente', '2855C', 47844),
(973, 'Eje', 'suroriente', '713B', 74968),
(974, 'Eje', 'sur', '1253C', 6626),
(975, 'Calzada', 'poniente', '1237C', 55219),
(976, 'Privada', 'poniente', '2128A', 36099),
(977, 'Privada', 'nororiente', '2802A', 64260),
(978, 'Eje', 'poniente', '2608', 90823),
(979, 'Privada', 'nororiente', '296A', 9412),
(980, 'Eje', 'sur', '1818', 93593),
(981, 'Eje', 'oriente', '857B', 32621),
(982, 'Camino a ', 'poniente', '2017', 3979),
(983, 'Eje', 'poniente', '1106', 95673),
(984, 'Camino a ', 'oriente', '2335A', 24227),
(985, 'Calle', 'poniente', '2730C', 87378),
(986, 'Calle', 'poniente', '2592B', 94416),
(987, 'Calle', 'suroriente', '1692A', 38902),
(988, 'Privada', 'surponiente', '1007B', 33755),
(989, 'Callejon', 'sur', '2889B', 75137),
(990, 'Calzada', 'suroriente', '2063', 60880),
(991, 'Calle', 'nororiente', '2068B', 42681),
(992, 'Cerrada', 'poniente', '878C', 1338),
(993, 'Calzada', 'suroriente', '1184C', 13841),
(994, 'Camino a ', 'sur', '25', 8558),
(995, 'Calle', 'sur', '1997B', 98894),
(996, 'Callejon', 'suroriente', '1622B', 7542),
(997, 'Cerrada', 'surponiente', '680C', 14286),
(998, 'Camino a ', 'oriente', '389C', 51047),
(999, 'Callejon', 'nororiente', '1624A', 52229),
(1000, 'Privada', 'sur', '1075B', 1770);

-- --------------------------------------------------------

--
-- Estructura de tabla para la tabla `pedidos`
--

CREATE TABLE `pedidos` (
  `id_p` int(11) NOT NULL,
  `id_cliente` int(11) NOT NULL,
  `id_articulo` int(11) NOT NULL,
  `cantidad` int(11) NOT NULL,
  `fecha_pedido` date NOT NULL
) ENGINE=InnoDB DEFAULT CHARSET=utf8mb4;

--
-- Volcado de datos para la tabla `pedidos`
--

INSERT INTO `pedidos` (`id_p`, `id_cliente`, `id_articulo`, `cantidad`, `fecha_pedido`) VALUES
(1, 95, 187, 69, '2033-02-21'),
(2, 590, 156, 7, '2023-03-13'),
(3, 411, 370, 28, '2030-01-06'),
(4, 591, 472, 21, '2024-05-09'),
(5, 12, 119, 23, '2029-06-20'),
(6, 205, 639, 59, '2024-04-21'),
(7, 327, 477, 35, '2020-06-15'),
(8, 268, 550, 26, '2027-03-08'),
(9, 116, 905, 58, '0000-00-00'),
(10, 457, 296, 68, '0000-00-00'),
(11, 222, 560, 84, '2033-03-07'),
(12, 70, 933, 70, '2029-04-26'),
(13, 508, 667, 20, '2025-08-03'),
(14, 247, 591, 2, '2024-07-14'),
(15, 488, 491, 78, '2020-06-14'),
(16, 138, 432, 65, '2030-03-26'),
(17, 153, 410, 93, '2027-01-20'),
(18, 506, 957, 92, '2019-08-21'),
(19, 480, 579, 13, '2022-06-09'),
(20, 275, 158, 45, '2023-04-27'),
(21, 141, 696, 15, '2025-04-23'),
(22, 518, 25, 59, '2032-07-18'),
(23, 899, 369, 3, '2022-03-14'),
(24, 389, 887, 0, '0000-00-00'),
(25, 194, 568, 18, '2024-06-13'),
(26, 491, 115, 55, '0000-00-00'),
(27, 426, 692, 37, '2032-07-05'),
(28, 192, 665, 37, '2022-03-08'),
(29, 424, 719, 91, '2030-08-01'),
(30, 377, 969, 34, '0000-00-00'),
(31, 608, 961, 56, '2027-08-14'),
(32, 145, 675, 60, '2028-02-09'),
(33, 345, 918, 76, '2030-06-27'),
(34, 944, 736, 54, '2021-04-03'),
(35, 991, 721, 53, '2023-01-12'),
(36, 654, 343, 82, '2024-08-04'),
(37, 129, 684, 73, '2027-06-07'),
(38, 100, 208, 90, '0000-00-00'),
(39, 499, 443, 99, '2019-04-01'),
(40, 519, 697, 56, '2031-04-03'),
(41, 115, 204, 91, '2032-06-12'),
(42, 459, 305, 89, '2030-06-15'),
(43, 76, 575, 2, '2025-02-25'),
(44, 626, 983, 36, '2033-07-27'),
(45, 569, 510, 3, '2028-06-24'),
(46, 167, 812, 33, '2030-03-21'),
(47, 563, 839, 77, '2024-08-20'),
(48, 898, 520, 59, '2029-07-21'),
(49, 693, 902, 43, '2030-01-09'),
(50, 971, 359, 40, '2020-04-03'),
(51, 836, 778, 54, '2022-04-13'),
(52, 485, 813, 54, '2024-05-10'),
(53, 880, 617, 19, '2028-05-13'),
(54, 539, 666, 85, '2026-08-26'),
(55, 186, 557, 3, '2021-05-20'),
(56, 219, 912, 78, '2031-01-08'),
(57, 230, 756, 51, '2023-06-23'),
(58, 37, 17, 44, '2021-07-15'),
(59, 957, 7, 86, '2027-05-09'),
(60, 302, 24, 69, '2026-06-13'),
(61, 302, 456, 36, '2022-03-02'),
(62, 942, 5, 68, '2025-03-15'),
(63, 426, 922, 34, '2033-08-20'),
(64, 256, 371, 38, '2028-01-02'),
(65, 125, 309, 42, '2023-05-22'),
(66, 120, 512, 75, '0000-00-00'),
(67, 941, 614, 53, '2020-07-12'),
(68, 121, 303, 70, '2020-07-26'),
(69, 458, 41, 19, '2033-01-13'),
(70, 144, 945, 76, '2033-06-08'),
(71, 299, 703, 48, '2022-02-27'),
(72, 896, 657, 60, '2021-01-12'),
(73, 299, 430, 39, '2027-02-08'),
(74, 868, 722, 18, '2024-02-02'),
(75, 385, 168, 77, '0000-00-00'),
(76, 243, 367, 76, '2030-04-15'),
(77, 639, 480, 64, '2022-03-06'),
(78, 244, 8, 57, '2030-08-10'),
(79, 54, 645, 26, '2024-02-04'),
(80, 424, 326, 37, '2027-02-24'),
(81, 480, 848, 34, '2030-07-05'),
(82, 396, 701, 54, '2032-03-24'),
(83, 264, 976, 15, '2029-07-03'),
(84, 506, 492, 22, '2033-02-14'),
(85, 82, 509, 79, '2029-06-18'),
(86, 944, 663, 92, '2032-04-21'),
(87, 460, 4, 23, '0000-00-00'),
(88, 801, 255, 10, '2030-05-22'),
(89, 485, 685, 65, '2030-07-12'),
(90, 568, 211, 31, '2032-04-03'),
(91, 210, 623, 43, '2021-03-20'),
(92, 567, 43, 31, '0000-00-00'),
(93, 254, 17, 54, '2030-08-20'),
(94, 837, 849, 69, '2031-06-15'),
(95, 85, 74, 55, '2022-03-10'),
(96, 950, 181, 53, '2025-06-03'),
(97, 500, 985, 98, '2023-04-16'),
(98, 275, 254, 47, '2021-03-24'),
(99, 795, 496, 33, '2028-04-09'),
(100, 182, 7, 92, '2025-03-21'),
(101, 130, 583, 49, '2019-02-17'),
(102, 686, 511, 64, '2025-04-10'),
(103, 575, 720, 71, '0000-00-00'),
(104, 30, 226, 44, '2025-06-12'),
(105, 361, 244, 3, '2022-03-13'),
(106, 721, 600, 27, '0000-00-00'),
(107, 813, 320, 32, '2019-05-04'),
(108, 489, 524, 43, '2022-04-28'),
(109, 477, 6, 63, '2022-04-17'),
(110, 704, 129, 19, '2020-07-09'),
(111, 939, 909, 31, '2027-06-09'),
(112, 726, 429, 47, '2027-08-23'),
(113, 836, 944, 31, '2027-08-20'),
(114, 700, 321, 99, '2020-06-28'),
(115, 557, 688, 35, '2023-02-12'),
(116, 285, 419, 45, '2029-04-05'),
(117, 134, 835, 20, '2019-02-22'),
(118, 838, 250, 19, '2029-01-01'),
(119, 829, 243, 89, '2033-02-17'),
(120, 524, 283, 90, '2025-01-21'),
(121, 907, 85, 96, '2024-08-23'),
(122, 880, 323, 74, '2028-02-12'),
(123, 107, 592, 70, '2025-03-07'),
(124, 315, 732, 60, '2020-07-20'),
(125, 295, 900, 42, '2026-02-13'),
(126, 47, 19, 71, '0000-00-00'),
(127, 819, 486, 65, '2033-03-21'),
(128, 992, 259, 40, '2032-07-11'),
(129, 48, 711, 49, '2032-02-09'),
(130, 85, 873, 26, '0000-00-00'),
(131, 604, 953, 73, '2031-08-14'),
(132, 545, 249, 32, '0000-00-00'),
(133, 787, 844, 28, '2028-08-06'),
(134, 588, 711, 83, '2030-08-14'),
(135, 691, 99, 30, '2030-08-07'),
(136, 67, 340, 87, '2031-06-15'),
(137, 510, 447, 56, '0000-00-00'),
(138, 571, 136, 64, '2019-02-04'),
(139, 538, 155, 65, '2030-05-10'),
(140, 449, 34, 64, '2033-02-05'),
(141, 354, 656, 34, '2031-07-25'),
(142, 290, 262, 39, '0000-00-00'),
(143, 711, 772, 76, '2028-08-08'),
(144, 330, 554, 15, '2020-03-27'),
(145, 601, 27, 81, '2024-05-28'),
(146, 313, 702, 18, '2019-06-17'),
(147, 23, 573, 33, '0000-00-00'),
(148, 288, 960, 93, '2025-04-24'),
(149, 937, 199, 49, '2028-05-10'),
(150, 843, 799, 80, '2029-04-11'),
(151, 913, 949, 2, '2021-04-09'),
(152, 290, 504, 86, '2031-04-26'),
(153, 965, 827, 60, '2033-04-15'),
(154, 285, 118, 11, '0000-00-00'),
(155, 83, 107, 4, '2029-05-08'),
(156, 389, 242, 73, '2028-04-28'),
(157, 956, 744, 74, '2032-05-17'),
(158, 74, 173, 82, '2026-04-04'),
(159, 381, 368, 86, '2021-07-11'),
(160, 666, 897, 14, '0000-00-00'),
(161, 867, 394, 78, '2029-05-18'),
(162, 739, 421, 40, '2020-02-17'),
(163, 932, 714, 28, '2031-08-27'),
(164, 432, 965, 51, '2026-01-28'),
(165, 591, 498, 1, '2030-05-20'),
(166, 230, 489, 33, '2026-03-20'),
(167, 528, 586, 67, '2031-04-18'),
(168, 668, 78, 47, '2030-07-24'),
(169, 472, 980, 52, '2019-02-26'),
(170, 487, 667, 54, '2021-05-11'),
(171, 254, 934, 53, '2020-01-23'),
(172, 726, 616, 43, '2019-08-10'),
(173, 61, 140, 89, '2029-02-10'),
(174, 260, 638, 12, '2020-02-14'),
(175, 379, 512, 22, '2030-01-23'),
(176, 275, 563, 42, '0000-00-00'),
(177, 126, 73, 5, '2019-08-06'),
(178, 184, 465, 30, '2021-06-17'),
(179, 484, 427, 3, '2026-08-10'),
(180, 493, 620, 16, '2026-04-15'),
(181, 910, 347, 45, '2028-04-05'),
(182, 96, 827, 65, '2021-04-09'),
(183, 851, 938, 43, '2030-06-18'),
(184, 520, 565, 43, '0000-00-00'),
(185, 640, 923, 45, '2033-06-20'),
(186, 608, 504, 54, '2025-04-04'),
(187, 92, 502, 58, '2023-03-01'),
(188, 148, 863, 64, '2026-01-03'),
(189, 285, 329, 98, '2031-01-12'),
(190, 931, 112, 86, '2026-04-24'),
(191, 36, 72, 16, '2020-04-16'),
(192, 771, 528, 63, '2020-03-14'),
(193, 566, 81, 45, '2026-08-22'),
(194, 942, 89, 98, '2021-01-07'),
(195, 861, 647, 31, '2023-02-01'),
(196, 580, 230, 85, '2031-05-06'),
(197, 216, 360, 84, '2032-04-15'),
(198, 507, 930, 95, '2028-06-01'),
(199, 480, 67, 0, '0000-00-00'),
(200, 10, 659, 58, '0000-00-00'),
(201, 485, 927, 18, '2031-04-12'),
(202, 53, 670, 97, '2022-03-28'),
(203, 172, 62, 46, '0000-00-00'),
(204, 435, 133, 62, '2030-02-21'),
(205, 902, 306, 15, '2019-08-12'),
(206, 389, 625, 12, '0000-00-00'),
(207, 466, 552, 4, '2025-02-24'),
(208, 117, 460, 5, '2033-07-16'),
(209, 282, 199, 99, '2028-05-20'),
(210, 776, 372, 29, '2027-04-16'),
(211, 280, 191, 17, '2024-03-15'),
(212, 397, 45, 39, '2030-08-09'),
(213, 986, 161, 64, '2031-02-02'),
(214, 250, 987, 42, '0000-00-00'),
(215, 295, 167, 66, '2024-04-27'),
(216, 148, 255, 85, '2020-05-07'),
(217, 431, 526, 18, '2019-03-15'),
(218, 193, 528, 92, '2030-06-20'),
(219, 600, 250, 23, '0000-00-00'),
(220, 466, 26, 0, '2030-01-08'),
(221, 843, 575, 42, '2027-02-28'),
(222, 153, 776, 45, '2021-01-26'),
(223, 566, 89, 29, '2027-04-11'),
(224, 619, 726, 55, '2024-07-10'),
(225, 274, 961, 85, '0000-00-00'),
(226, 917, 211, 82, '2028-02-23'),
(227, 987, 761, 92, '0000-00-00'),
(228, 243, 261, 47, '2022-07-03'),
(229, 855, 384, 74, '2032-02-13'),
(230, 830, 258, 23, '2024-05-01'),
(231, 459, 568, 22, '2031-03-17'),
(232, 786, 441, 30, '0000-00-00'),
(233, 306, 510, 60, '2033-06-09'),
(234, 370, 763, 72, '2028-06-06'),
(235, 16, 83, 75, '2032-06-08'),
(236, 210, 586, 77, '2032-07-05'),
(237, 697, 146, 77, '2020-08-01'),
(238, 965, 735, 89, '2024-01-24'),
(239, 14, 454, 36, '2028-07-11'),
(240, 928, 388, 60, '2024-05-23'),
(241, 452, 664, 38, '2028-07-14'),
(242, 67, 327, 88, '2025-02-12'),
(243, 264, 943, 22, '2031-04-22'),
(244, 10, 22, 63, '2021-04-04'),
(245, 615, 669, 42, '2022-01-08'),
(246, 473, 75, 54, '2024-04-27'),
(247, 416, 732, 4, '0000-00-00'),
(248, 624, 504, 9, '2029-06-10'),
(249, 350, 929, 23, '2023-07-01'),
(250, 896, 379, 92, '2026-04-04'),
(251, 591, 965, 66, '0000-00-00'),
(252, 733, 304, 28, '2032-08-10'),
(253, 709, 542, 8, '2030-03-22'),
(254, 785, 244, 97, '2023-03-14'),
(255, 271, 51, 77, '2027-05-09'),
(256, 40, 206, 31, '2028-07-08'),
(257, 633, 361, 10, '2019-05-14'),
(258, 399, 260, 53, '2028-08-04'),
(259, 423, 206, 97, '2023-05-22'),
(260, 189, 416, 27, '0000-00-00'),
(261, 214, 667, 42, '2019-04-14'),
(262, 125, 840, 50, '2026-01-04'),
(263, 892, 256, 3, '0000-00-00'),
(264, 205, 925, 50, '2022-02-22'),
(265, 207, 92, 58, '2030-06-20'),
(266, 53, 704, 32, '2024-02-15'),
(267, 29, 682, 42, '2033-03-27'),
(268, 196, 118, 23, '2029-05-12'),
(269, 782, 791, 17, '2033-05-22'),
(270, 794, 618, 70, '2020-01-04'),
(271, 578, 919, 7, '2028-08-11'),
(272, 296, 634, 38, '2024-03-24'),
(273, 538, 866, 72, '2019-04-26'),
(274, 553, 373, 55, '2027-03-18'),
(275, 808, 903, 42, '2029-01-28'),
(276, 861, 479, 66, '2025-07-27'),
(277, 760, 36, 88, '2023-07-28'),
(278, 450, 27, 23, '2026-08-14'),
(279, 896, 870, 66, '2020-01-22'),
(280, 917, 382, 91, '2025-04-21'),
(281, 929, 566, 80, '2022-02-18'),
(282, 91, 386, 96, '2023-04-26'),
(283, 565, 403, 29, '2032-01-22'),
(284, 855, 410, 70, '2030-03-20'),
(285, 476, 432, 76, '2026-02-15'),
(286, 391, 740, 57, '2023-03-18'),
(287, 962, 730, 88, '2030-04-13'),
(288, 380, 823, 12, '2026-03-01'),
(289, 800, 750, 10, '2026-06-22'),
(290, 641, 850, 48, '2026-07-12'),
(291, 796, 271, 8, '2033-08-06'),
(292, 703, 192, 92, '0000-00-00'),
(293, 517, 445, 38, '0000-00-00'),
(294, 833, 182, 84, '2020-02-03'),
(295, 720, 439, 92, '2033-01-10'),
(296, 991, 750, 82, '2024-05-25'),
(297, 974, 178, 72, '2031-07-14'),
(298, 233, 394, 9, '2028-01-24'),
(299, 967, 683, 31, '2032-05-05'),
(300, 59, 10, 10, '2029-02-17'),
(301, 9, 512, 51, '2029-03-26'),
(302, 196, 67, 57, '2033-04-20'),
(303, 229, 791, 84, '2021-05-23'),
(304, 323, 622, 45, '2025-01-06'),
(305, 955, 344, 29, '2019-01-06'),
(306, 243, 696, 56, '2021-02-21'),
(307, 796, 432, 78, '2030-06-08'),
(308, 990, 483, 3, '2023-07-01'),
(309, 904, 570, 90, '2031-06-20'),
(310, 380, 922, 45, '2019-07-03'),
(311, 937, 961, 37, '2025-02-26'),
(312, 506, 99, 83, '2020-08-27'),
(313, 210, 12, 84, '2030-02-28'),
(314, 668, 18, 22, '2033-05-26'),
(315, 535, 460, 33, '2024-01-02'),
(316, 254, 195, 24, '2027-08-02'),
(317, 254, 588, 1, '2021-05-10'),
(318, 49, 625, 16, '2029-04-04'),
(319, 969, 40, 67, '2032-01-16'),
(320, 500, 574, 92, '2022-03-18'),
(321, 449, 738, 51, '2029-03-12'),
(322, 411, 736, 79, '2021-06-05'),
(323, 249, 389, 64, '2027-08-15'),
(324, 587, 227, 84, '2025-02-03'),
(325, 500, 96, 85, '2028-06-26'),
(326, 913, 933, 12, '2030-02-27'),
(327, 402, 566, 11, '2026-04-25'),
(328, 383, 698, 66, '2031-08-09'),
(329, 910, 412, 35, '2024-02-04'),
(330, 558, 870, 9, '2020-04-25'),
(331, 101, 54, 0, '2019-08-07'),
(332, 978, 687, 27, '2030-02-03'),
(333, 744, 723, 75, '0000-00-00'),
(334, 8, 13, 29, '2024-08-16'),
(335, 553, 53, 10, '0000-00-00'),
(336, 629, 919, 67, '2026-04-16'),
(337, 635, 780, 13, '0000-00-00'),
(338, 664, 618, 90, '2029-05-03'),
(339, 630, 31, 8, '2027-01-18'),
(340, 956, 244, 6, '2020-05-06'),
(341, 40, 718, 9, '2019-07-04'),
(342, 978, 975, 93, '2019-04-23'),
(343, 254, 522, 79, '2022-04-12'),
(344, 389, 8, 13, '2032-03-05'),
(345, 755, 981, 9, '2021-01-24'),
(346, 31, 884, 68, '2019-07-24'),
(347, 31, 171, 75, '2031-08-04'),
(348, 866, 655, 68, '2033-06-14'),
(349, 668, 491, 16, '2028-04-16'),
(350, 354, 401, 41, '2027-01-16'),
(351, 136, 36, 94, '2024-04-16'),
(352, 775, 593, 46, '2025-08-06'),
(353, 771, 76, 73, '2025-01-24'),
(354, 992, 812, 36, '2030-04-02'),
(355, 443, 130, 81, '2029-06-05'),
(356, 154, 301, 24, '2032-07-06'),
(357, 418, 138, 87, '2027-07-05'),
(358, 837, 878, 94, '2023-04-20'),
(359, 912, 227, 61, '2030-05-09'),
(360, 136, 690, 18, '2028-02-27'),
(361, 833, 580, 60, '2030-04-06'),
(362, 189, 315, 18, '2033-07-21'),
(363, 222, 901, 83, '2019-02-10'),
(364, 647, 714, 35, '2023-04-26'),
(365, 872, 975, 58, '0000-00-00'),
(366, 583, 530, 43, '0000-00-00'),
(367, 654, 830, 3, '2027-04-02'),
(368, 347, 231, 64, '2031-06-17'),
(369, 25, 992, 4, '2019-07-11'),
(370, 856, 607, 37, '0000-00-00'),
(371, 227, 342, 86, '2031-01-01'),
(372, 833, 111, 82, '0000-00-00'),
(373, 682, 68, 87, '2029-06-03'),
(374, 475, 545, 19, '0000-00-00'),
(375, 78, 213, 31, '2020-06-23'),
(376, 81, 599, 85, '2025-08-07'),
(377, 640, 329, 5, '0000-00-00'),
(378, 101, 737, 4, '2022-02-23'),
(379, 101, 715, 27, '2021-07-16'),
(380, 144, 924, 51, '2020-06-18'),
(381, 858, 765, 30, '2020-06-14'),
(382, 414, 712, 77, '2023-08-18'),
(383, 825, 910, 27, '2031-07-05'),
(384, 98, 160, 21, '2019-03-02'),
(385, 470, 653, 97, '0000-00-00'),
(386, 185, 115, 87, '2033-02-25'),
(387, 551, 207, 52, '2024-04-17'),
(388, 237, 333, 8, '2025-03-23'),
(389, 41, 228, 21, '2028-02-10'),
(390, 594, 948, 70, '2019-04-27'),
(391, 738, 149, 18, '2025-04-10'),
(392, 523, 789, 31, '2033-06-17'),
(393, 78, 607, 33, '2033-08-20'),
(394, 806, 48, 94, '2026-03-23'),
(395, 631, 470, 91, '2033-02-10'),
(396, 276, 794, 76, '2019-05-20'),
(397, 789, 962, 49, '2031-05-07'),
(398, 786, 831, 31, '2021-08-24'),
(399, 149, 386, 59, '2030-06-08'),
(400, 127, 406, 74, '2033-04-09'),
(401, 87, 943, 59, '2028-01-01'),
(402, 378, 269, 52, '2028-03-11'),
(403, 19, 148, 41, '0000-00-00'),
(404, 209, 574, 16, '2030-07-18'),
(405, 857, 348, 40, '2028-06-07'),
(406, 618, 131, 48, '0000-00-00'),
(407, 157, 835, 7, '2033-01-17'),
(408, 609, 506, 83, '2030-03-20'),
(409, 457, 53, 97, '2027-04-23'),
(410, 313, 467, 80, '2028-02-04'),
(411, 305, 408, 39, '2027-05-23'),
(412, 56, 278, 4, '2023-02-25'),
(413, 481, 175, 29, '2021-06-03'),
(414, 857, 342, 44, '2031-06-08'),
(415, 910, 1000, 0, '2024-01-28'),
(416, 876, 690, 44, '2023-01-22'),
(417, 766, 502, 17, '2033-07-12'),
(418, 303, 822, 73, '2030-02-07'),
(419, 265, 472, 44, '2032-07-24'),
(420, 184, 384, 7, '2028-03-17'),
(421, 653, 167, 41, '2032-07-27'),
(422, 689, 210, 54, '2027-07-10'),
(423, 885, 205, 36, '2030-08-11'),
(424, 328, 197, 77, '2028-07-22'),
(425, 494, 561, 19, '2021-04-21'),
(426, 601, 532, 76, '2029-07-21'),
(427, 148, 151, 13, '2023-02-10'),
(428, 592, 774, 66, '2020-07-21'),
(429, 409, 520, 72, '2027-03-20'),
(430, 3, 270, 2, '2021-04-13'),
(431, 172, 128, 52, '2022-08-22'),
(432, 134, 432, 10, '2020-03-27'),
(433, 301, 734, 12, '2031-01-16'),
(434, 301, 349, 65, '2033-07-28'),
(435, 955, 371, 81, '2031-07-23'),
(436, 191, 263, 69, '2020-08-13'),
(437, 107, 429, 61, '2024-07-28'),
(438, 669, 372, 85, '2019-04-15'),
(439, 753, 328, 0, '0000-00-00'),
(440, 517, 502, 62, '2023-01-25'),
(441, 313, 289, 88, '2021-07-11'),
(442, 619, 106, 21, '2032-02-23'),
(443, 719, 708, 37, '2030-01-20'),
(444, 86, 131, 30, '2024-05-11'),
(445, 707, 623, 74, '2031-05-27'),
(446, 822, 215, 41, '2023-01-01'),
(447, 784, 780, 25, '2025-03-16'),
(448, 33, 744, 16, '2020-05-18'),
(449, 396, 795, 4, '0000-00-00'),
(450, 178, 249, 14, '2026-06-05'),
(451, 789, 919, 3, '0000-00-00'),
(452, 856, 655, 73, '2031-06-12'),
(453, 56, 892, 80, '2019-06-12'),
(454, 141, 876, 37, '2019-05-22'),
(455, 875, 405, 45, '2023-02-03'),
(456, 855, 258, 99, '2028-06-12'),
(457, 445, 649, 60, '2019-07-26'),
(458, 285, 370, 77, '2029-08-14'),
(459, 109, 471, 13, '2032-02-13'),
(460, 836, 640, 0, '2019-02-26'),
(461, 164, 621, 26, '2023-08-23'),
(462, 131, 344, 43, '2019-01-24'),
(463, 373, 601, 30, '2027-03-16'),
(464, 51, 437, 63, '2027-03-03'),
(465, 660, 607, 72, '2020-03-16'),
(466, 214, 737, 84, '2023-03-17'),
(467, 499, 75, 89, '2020-01-06'),
(468, 398, 950, 78, '2026-03-15'),
(469, 491, 320, 20, '2028-05-15'),
(470, 406, 49, 8, '2032-04-27'),
(471, 645, 773, 76, '0000-00-00'),
(472, 867, 499, 59, '2029-01-07'),
(473, 830, 315, 57, '2027-08-10'),
(474, 487, 827, 29, '2032-06-24'),
(475, 938, 216, 24, '2031-04-15'),
(476, 233, 40, 13, '2026-02-11'),
(477, 226, 157, 6, '2026-02-06'),
(478, 967, 397, 41, '2024-05-23'),
(479, 353, 867, 87, '2031-05-04'),
(480, 8, 19, 17, '2025-06-25'),
(481, 612, 845, 8, '2020-06-06'),
(482, 155, 854, 7, '2019-02-28'),
(483, 846, 682, 51, '2019-08-07'),
(484, 632, 486, 29, '0000-00-00'),
(485, 565, 486, 45, '2033-06-08'),
(486, 485, 294, 89, '2032-02-22'),
(487, 742, 901, 51, '2033-03-01'),
(488, 921, 456, 23, '2026-03-21'),
(489, 813, 219, 72, '0000-00-00'),
(490, 82, 302, 87, '2022-06-02'),
(491, 363, 101, 31, '2019-07-22'),
(492, 765, 517, 46, '2028-02-04'),
(493, 997, 383, 89, '2028-02-20'),
(494, 585, 686, 15, '0000-00-00'),
(495, 917, 492, 19, '2032-05-03'),
(496, 73, 692, 1, '2022-04-16'),
(497, 675, 946, 26, '2031-03-09'),
(498, 221, 459, 93, '2019-05-06'),
(499, 629, 465, 27, '2031-01-22'),
(500, 967, 546, 57, '2022-05-08'),
(501, 584, 172, 62, '2028-02-05'),
(502, 121, 82, 74, '2021-04-18'),
(503, 126, 392, 82, '2020-02-25'),
(504, 233, 554, 84, '2022-02-04'),
(505, 148, 550, 61, '2020-02-02'),
(506, 898, 943, 83, '2032-05-11'),
(507, 69, 669, 79, '2021-06-06'),
(508, 13, 703, 9, '2025-06-04'),
(509, 239, 961, 39, '2033-08-12'),
(510, 463, 93, 94, '2033-07-11'),
(511, 41, 19, 52, '0000-00-00'),
(512, 755, 355, 1, '0000-00-00'),
(513, 181, 104, 54, '2024-04-13'),
(514, 97, 235, 24, '2025-03-15'),
(515, 674, 35, 87, '2023-01-28'),
(516, 406, 361, 79, '2029-07-15'),
(517, 13, 169, 20, '2021-04-06'),
(518, 774, 957, 53, '2032-02-11'),
(519, 39, 984, 37, '0000-00-00'),
(520, 860, 416, 47, '2020-01-17'),
(521, 995, 759, 49, '0000-00-00'),
(522, 733, 215, 73, '0000-00-00'),
(523, 277, 848, 87, '0000-00-00'),
(524, 653, 674, 51, '2023-01-16'),
(525, 370, 61, 14, '2026-08-17'),
(526, 296, 73, 56, '2030-07-14'),
(527, 483, 628, 20, '2027-07-08'),
(528, 912, 605, 65, '2023-07-18'),
(529, 370, 274, 38, '0000-00-00'),
(530, 941, 685, 54, '2019-04-09'),
(531, 841, 886, 30, '2032-06-06'),
(532, 549, 105, 98, '2032-05-09'),
(533, 474, 276, 11, '2033-06-14'),
(534, 625, 532, 16, '2023-05-13'),
(535, 5, 548, 39, '2026-08-22'),
(536, 706, 861, 26, '2026-04-14'),
(537, 921, 552, 30, '0000-00-00'),
(538, 353, 908, 37, '2029-03-12'),
(539, 737, 949, 58, '2028-02-16'),
(540, 456, 956, 55, '2033-08-20'),
(541, 466, 362, 64, '2025-05-02'),
(542, 999, 650, 28, '2026-04-08'),
(543, 785, 132, 60, '2021-02-14'),
(544, 745, 733, 1, '2026-07-02'),
(545, 387, 167, 41, '2029-07-11'),
(546, 380, 133, 14, '2023-08-20'),
(547, 24, 395, 85, '2031-08-23'),
(548, 588, 902, 2, '2028-06-24'),
(549, 747, 303, 67, '2024-02-28'),
(550, 574, 495, 51, '2025-05-06'),
(551, 832, 88, 63, '2027-04-14'),
(552, 520, 904, 47, '2029-02-11'),
(553, 902, 898, 63, '2033-03-04'),
(554, 494, 131, 78, '2020-01-12'),
(555, 733, 665, 73, '0000-00-00'),
(556, 288, 519, 39, '2028-06-18'),
(557, 259, 52, 32, '2024-04-06'),
(558, 708, 422, 84, '2026-08-10'),
(559, 269, 978, 14, '2025-01-21'),
(560, 798, 727, 78, '2024-06-01'),
(561, 286, 256, 46, '2029-02-17'),
(562, 510, 724, 4, '0000-00-00'),
(563, 146, 823, 11, '2023-03-26'),
(564, 312, 819, 66, '2026-01-16'),
(565, 768, 65, 66, '2027-03-10'),
(566, 241, 602, 44, '2023-05-23'),
(567, 609, 744, 43, '2028-04-15'),
(568, 895, 756, 47, '2024-01-01'),
(569, 319, 21, 75, '2026-02-25'),
(570, 864, 316, 23, '2024-03-13'),
(571, 80, 76, 93, '2025-03-12'),
(572, 109, 779, 60, '2028-05-07'),
(573, 140, 827, 51, '0000-00-00'),
(574, 778, 555, 47, '2029-07-06'),
(575, 40, 245, 28, '2029-03-06'),
(576, 962, 273, 25, '2024-07-28'),
(577, 27, 769, 50, '2029-06-12'),
(578, 897, 425, 2, '2028-05-20'),
(579, 165, 316, 97, '2033-01-15'),
(580, 103, 872, 53, '2019-04-22'),
(581, 630, 389, 24, '2029-05-15'),
(582, 967, 681, 81, '2033-08-27'),
(583, 706, 787, 65, '2022-06-13'),
(584, 267, 824, 76, '2032-03-02'),
(585, 962, 406, 61, '2030-01-26'),
(586, 138, 215, 22, '2029-02-27'),
(587, 127, 643, 60, '0000-00-00'),
(588, 974, 600, 9, '2030-03-05'),
(589, 157, 893, 49, '2031-08-12'),
(590, 784, 790, 88, '2027-03-13'),
(591, 986, 649, 54, '2030-01-22'),
(592, 473, 750, 35, '2025-05-23'),
(593, 480, 696, 68, '2033-01-02'),
(594, 578, 25, 57, '2023-06-07'),
(595, 70, 902, 61, '2027-03-28'),
(596, 939, 22, 7, '2027-06-11'),
(597, 586, 109, 2, '2031-03-25'),
(598, 811, 633, 44, '2025-08-12'),
(599, 777, 623, 70, '2031-02-06'),
(600, 920, 714, 90, '2021-04-08'),
(601, 27, 796, 81, '2029-01-04'),
(602, 961, 903, 50, '2025-03-26'),
(603, 754, 211, 94, '2021-07-14'),
(604, 33, 290, 14, '0000-00-00'),
(605, 13, 964, 45, '2030-04-07'),
(606, 520, 436, 30, '2031-04-16'),
(607, 776, 538, 48, '2033-03-09'),
(608, 910, 237, 59, '2022-06-12'),
(609, 418, 785, 34, '2023-05-03'),
(610, 58, 133, 92, '2030-06-16'),
(611, 882, 495, 51, '2025-01-11'),
(612, 392, 176, 64, '2020-02-06'),
(613, 42, 70, 4, '2030-02-15'),
(614, 552, 428, 16, '2028-03-07'),
(615, 758, 793, 55, '2031-01-12'),
(616, 981, 225, 62, '0000-00-00'),
(617, 118, 194, 65, '2023-02-16'),
(618, 951, 774, 2, '2021-08-27'),
(619, 374, 12, 96, '2022-02-25'),
(620, 531, 606, 38, '2021-03-24'),
(621, 70, 262, 49, '2022-05-11'),
(622, 1000, 375, 39, '2032-06-14'),
(623, 862, 893, 72, '2021-08-24'),
(624, 197, 505, 10, '2033-08-22'),
(625, 524, 541, 97, '2022-06-06'),
(626, 313, 180, 3, '2022-05-26'),
(627, 655, 891, 46, '2029-03-01'),
(628, 629, 188, 41, '2030-01-15'),
(629, 565, 124, 73, '2025-05-05'),
(630, 689, 109, 78, '2025-06-28'),
(631, 867, 971, 71, '0000-00-00'),
(632, 421, 354, 72, '2029-08-02'),
(633, 246, 859, 9, '0000-00-00'),
(634, 691, 544, 1, '2030-01-15'),
(635, 931, 657, 46, '2032-01-26'),
(636, 807, 749, 80, '2028-02-24'),
(637, 348, 520, 66, '2033-07-26'),
(638, 459, 61, 34, '2025-01-22'),
(639, 478, 329, 92, '2030-08-16'),
(640, 603, 26, 63, '2023-04-03'),
(641, 388, 230, 24, '0000-00-00'),
(642, 787, 418, 62, '2024-02-05'),
(643, 474, 770, 53, '0000-00-00'),
(644, 411, 858, 44, '2023-08-03'),
(645, 877, 131, 98, '2026-01-17'),
(646, 442, 790, 9, '2030-07-15'),
(647, 603, 963, 24, '2022-01-23'),
(648, 57, 293, 13, '2031-02-11'),
(649, 830, 312, 77, '0000-00-00'),
(650, 737, 252, 90, '2021-06-06'),
(651, 901, 145, 5, '2024-05-23'),
(652, 294, 367, 78, '2028-03-20'),
(653, 523, 979, 92, '0000-00-00'),
(654, 349, 517, 81, '2030-03-05'),
(655, 639, 97, 78, '2028-03-24'),
(656, 744, 966, 52, '2028-05-05'),
(657, 507, 876, 1, '2021-05-24'),
(658, 395, 920, 10, '2030-04-10'),
(659, 458, 696, 9, '2032-08-18'),
(660, 95, 933, 64, '2024-03-09'),
(661, 858, 962, 7, '2027-03-20'),
(662, 748, 654, 86, '2025-04-23'),
(663, 750, 712, 73, '2028-03-27'),
(664, 551, 432, 87, '2020-03-18'),
(665, 693, 331, 99, '2020-04-28'),
(666, 613, 256, 39, '2028-05-24'),
(667, 295, 856, 12, '2019-02-28'),
(668, 522, 555, 1, '2028-06-17'),
(669, 929, 386, 14, '2030-07-13'),
(670, 345, 338, 94, '2025-07-10'),
(671, 146, 79, 6, '0000-00-00'),
(672, 576, 185, 75, '0000-00-00'),
(673, 284, 261, 28, '2024-06-11'),
(674, 522, 581, 67, '2028-06-06'),
(675, 756, 117, 82, '2019-07-18'),
(676, 632, 104, 78, '0000-00-00'),
(677, 544, 495, 73, '0000-00-00'),
(678, 266, 959, 86, '2021-07-02'),
(679, 371, 292, 35, '2028-04-09'),
(680, 408, 356, 9, '2030-06-03'),
(681, 71, 953, 74, '2019-05-15'),
(682, 814, 236, 37, '2027-03-12'),
(683, 654, 556, 86, '2028-03-06'),
(684, 114, 854, 58, '2025-07-20'),
(685, 555, 1, 14, '0000-00-00'),
(686, 340, 693, 35, '2029-03-03'),
(687, 578, 793, 56, '0000-00-00'),
(688, 405, 243, 89, '2028-02-03'),
(689, 30, 928, 27, '0000-00-00'),
(690, 23, 116, 22, '2031-05-25'),
(691, 553, 366, 69, '2032-01-14'),
(692, 568, 11, 50, '2019-04-03'),
(693, 132, 617, 10, '2030-07-04'),
(694, 375, 32, 83, '2031-07-25'),
(695, 813, 912, 80, '2030-04-05'),
(696, 979, 847, 5, '2032-01-13'),
(697, 601, 473, 65, '0000-00-00'),
(698, 805, 195, 0, '2028-06-22'),
(699, 51, 392, 29, '2023-01-12'),
(700, 789, 250, 92, '2021-05-22'),
(701, 50, 590, 63, '2021-04-26'),
(702, 445, 319, 18, '2021-03-18'),
(703, 297, 389, 14, '2032-05-09'),
(704, 877, 395, 12, '2033-06-05'),
(705, 966, 176, 31, '2030-02-10'),
(706, 221, 63, 39, '2019-03-28'),
(707, 61, 657, 97, '2027-06-26'),
(708, 44, 240, 28, '2019-04-09'),
(709, 971, 226, 74, '2028-04-02'),
(710, 171, 272, 51, '2020-06-13'),
(711, 706, 915, 33, '2030-05-18'),
(712, 460, 882, 10, '2031-06-10'),
(713, 332, 448, 8, '2024-06-10'),
(714, 18, 455, 68, '2030-06-17'),
(715, 91, 897, 18, '2021-06-07'),
(716, 358, 177, 84, '2022-06-05'),
(717, 719, 429, 27, '2030-01-02'),
(718, 995, 524, 1, '0000-00-00'),
(719, 451, 652, 68, '2027-01-01'),
(720, 986, 593, 23, '2027-02-03'),
(721, 215, 64, 97, '2021-07-03'),
(722, 910, 781, 58, '2027-02-15'),
(723, 528, 90, 23, '2031-06-03'),
(724, 794, 320, 49, '2028-05-02'),
(725, 570, 226, 64, '2032-06-05'),
(726, 472, 149, 62, '2028-05-21'),
(727, 961, 777, 74, '2021-01-14'),
(728, 890, 637, 73, '2032-05-27'),
(729, 717, 689, 0, '2031-06-23'),
(730, 858, 660, 1, '2033-07-01'),
(731, 914, 988, 13, '2032-01-14'),
(732, 731, 515, 50, '2026-07-07'),
(733, 525, 302, 64, '2031-07-22'),
(734, 541, 191, 93, '0000-00-00'),
(735, 964, 1, 14, '0000-00-00'),
(736, 69, 482, 63, '2030-05-03'),
(737, 811, 411, 94, '2030-07-07'),
(738, 354, 449, 88, '0000-00-00'),
(739, 233, 647, 33, '2021-06-08'),
(740, 149, 731, 33, '2028-02-15'),
(741, 597, 531, 21, '2031-02-23'),
(742, 815, 203, 86, '0000-00-00'),
(743, 770, 109, 36, '2029-06-05'),
(744, 156, 481, 51, '2028-03-16'),
(745, 619, 270, 9, '2030-05-10'),
(746, 698, 775, 85, '2026-07-04'),
(747, 189, 963, 53, '2022-02-20'),
(748, 909, 589, 40, '2020-06-17'),
(749, 87, 504, 22, '2031-05-26'),
(750, 855, 771, 51, '2028-06-01'),
(751, 548, 486, 51, '2019-02-02'),
(752, 808, 408, 33, '2024-02-22'),
(753, 695, 793, 10, '2024-04-27'),
(754, 285, 68, 15, '2027-07-07'),
(755, 488, 197, 43, '2019-08-27'),
(756, 33, 896, 87, '2028-01-07'),
(757, 873, 63, 27, '2023-01-21'),
(758, 457, 49, 92, '2019-03-28'),
(759, 611, 654, 10, '2020-07-03'),
(760, 986, 982, 15, '2026-04-24'),
(761, 305, 522, 71, '0000-00-00'),
(762, 881, 88, 31, '0000-00-00'),
(763, 119, 508, 56, '2024-01-23'),
(764, 989, 172, 43, '0000-00-00'),
(765, 683, 834, 45, '2027-02-18'),
(766, 929, 287, 82, '2021-08-01'),
(767, 695, 795, 84, '2027-05-16'),
(768, 232, 409, 96, '2032-03-21'),
(769, 713, 546, 53, '2022-03-01'),
(770, 907, 461, 97, '2022-02-05'),
(771, 636, 488, 0, '2027-06-13'),
(772, 967, 186, 6, '2022-06-08'),
(773, 380, 755, 10, '2024-01-17'),
(774, 375, 369, 47, '2020-03-22'),
(775, 241, 291, 40, '2033-04-23'),
(776, 955, 903, 45, '0000-00-00'),
(777, 453, 34, 85, '2030-02-01'),
(778, 720, 206, 69, '2033-07-26'),
(779, 438, 689, 21, '2028-03-16'),
(780, 163, 482, 83, '2023-01-01'),
(781, 245, 606, 65, '2023-01-22'),
(782, 975, 335, 39, '2032-02-12'),
(783, 677, 247, 21, '0000-00-00'),
(784, 710, 223, 76, '2024-08-17'),
(785, 620, 764, 43, '2025-01-04'),
(786, 893, 271, 67, '2031-08-09'),
(787, 53, 156, 79, '2026-08-25'),
(788, 63, 917, 69, '2029-04-02'),
(789, 255, 545, 36, '2029-03-13'),
(790, 266, 919, 18, '2030-05-22'),
(791, 699, 31, 24, '2020-05-11'),
(792, 482, 203, 32, '2024-01-14'),
(793, 145, 655, 23, '2020-04-21'),
(794, 497, 59, 57, '0000-00-00'),
(795, 415, 958, 26, '2030-08-07'),
(796, 718, 184, 20, '2033-01-02'),
(797, 365, 637, 10, '0000-00-00'),
(798, 423, 79, 26, '2020-07-22'),
(799, 551, 796, 76, '2027-07-05'),
(800, 961, 282, 57, '2025-04-06'),
(801, 78, 299, 22, '2027-02-25'),
(802, 384, 963, 30, '2020-01-02'),
(803, 147, 719, 86, '2029-07-03'),
(804, 31, 351, 40, '2024-08-14'),
(805, 792, 384, 15, '2020-04-16'),
(806, 544, 525, 68, '2026-07-28'),
(807, 309, 19, 16, '2024-03-13'),
(808, 830, 38, 79, '2031-02-03'),
(809, 871, 492, 19, '2024-04-22'),
(810, 465, 896, 75, '0000-00-00'),
(811, 846, 150, 29, '2027-01-28'),
(812, 35, 389, 50, '0000-00-00'),
(813, 293, 257, 98, '2030-02-06'),
(814, 925, 256, 92, '2029-02-07'),
(815, 157, 29, 68, '2031-04-24'),
(816, 44, 715, 85, '2023-03-06'),
(817, 657, 765, 47, '2033-07-01'),
(818, 993, 823, 64, '2029-02-27'),
(819, 359, 580, 56, '2025-02-17'),
(820, 175, 700, 73, '2020-04-03'),
(821, 445, 229, 1, '2021-07-17'),
(822, 347, 86, 62, '0000-00-00'),
(823, 675, 536, 25, '2024-01-04'),
(824, 110, 759, 0, '2026-07-08'),
(825, 530, 913, 77, '0000-00-00'),
(826, 845, 291, 25, '2031-03-10'),
(827, 65, 484, 69, '2023-07-08'),
(828, 590, 654, 5, '2029-08-02'),
(829, 933, 303, 41, '2032-07-21'),
(830, 352, 177, 39, '2019-08-09'),
(831, 114, 166, 20, '2020-02-25'),
(832, 367, 347, 66, '2031-07-21'),
(833, 832, 531, 93, '2026-05-09'),
(834, 802, 960, 23, '2019-03-14'),
(835, 160, 22, 54, '2019-01-10'),
(836, 393, 117, 3, '2031-04-26'),
(837, 823, 46, 87, '2024-02-03'),
(838, 529, 570, 60, '2019-01-04'),
(839, 683, 993, 13, '2020-04-20'),
(840, 272, 916, 19, '2024-06-28'),
(841, 427, 541, 69, '2031-03-02'),
(842, 830, 136, 35, '2027-07-01'),
(843, 935, 563, 61, '2026-01-06'),
(844, 954, 983, 53, '0000-00-00'),
(845, 849, 120, 41, '2019-01-07'),
(846, 792, 719, 14, '2030-06-26'),
(847, 826, 64, 61, '2026-02-04'),
(848, 679, 699, 68, '2023-04-17'),
(849, 987, 726, 52, '2031-05-07'),
(850, 362, 301, 33, '2019-04-20'),
(851, 56, 218, 76, '2026-02-09'),
(852, 178, 704, 55, '2023-04-01'),
(853, 691, 812, 11, '2021-08-18'),
(854, 665, 18, 22, '2027-02-04'),
(855, 503, 937, 0, '2023-08-08'),
(856, 117, 253, 72, '0000-00-00'),
(857, 273, 261, 33, '2026-01-21'),
(858, 580, 645, 55, '2027-07-03'),
(859, 851, 372, 5, '2031-06-03'),
(860, 792, 825, 98, '0000-00-00'),
(861, 260, 564, 95, '2023-01-14'),
(862, 558, 334, 15, '2022-01-13'),
(863, 477, 210, 23, '2029-08-05'),
(864, 76, 990, 20, '2031-08-20'),
(865, 413, 240, 32, '2020-02-04'),
(866, 695, 597, 92, '2027-04-26'),
(867, 584, 218, 47, '2026-02-07'),
(868, 618, 511, 39, '2033-07-12'),
(869, 975, 509, 52, '2031-08-13'),
(870, 52, 541, 8, '2031-05-07'),
(871, 587, 50, 57, '2032-04-09'),
(872, 286, 710, 6, '0000-00-00'),
(873, 187, 215, 73, '2033-08-27'),
(874, 227, 355, 59, '2032-08-13'),
(875, 742, 283, 76, '2025-04-26'),
(876, 864, 78, 80, '2029-02-13'),
(877, 45, 998, 89, '2024-04-12'),
(878, 178, 45, 86, '2019-04-05'),
(879, 35, 727, 43, '2020-06-15'),
(880, 999, 133, 11, '2032-05-17'),
(881, 307, 719, 61, '2024-07-14'),
(882, 291, 419, 75, '2033-08-01'),
(883, 313, 962, 19, '2028-07-27'),
(884, 396, 530, 50, '2023-07-22'),
(885, 754, 132, 32, '2027-03-23'),
(886, 703, 322, 75, '2019-04-26'),
(887, 667, 145, 13, '2030-08-07'),
(888, 267, 425, 79, '2021-02-15'),
(889, 698, 804, 63, '0000-00-00'),
(890, 872, 122, 44, '2029-01-07'),
(891, 68, 49, 32, '2026-01-24'),
(892, 26, 83, 76, '2027-03-06'),
(893, 738, 294, 5, '0000-00-00'),
(894, 403, 445, 23, '2025-02-05'),
(895, 251, 371, 66, '2024-03-23'),
(896, 231, 738, 94, '2029-02-16'),
(897, 776, 569, 83, '2033-04-12'),
(898, 112, 160, 29, '2026-04-14'),
(899, 844, 270, 79, '2022-04-14'),
(900, 788, 703, 69, '2024-07-18'),
(901, 268, 681, 13, '2026-06-21'),
(902, 353, 616, 78, '2026-02-12'),
(903, 760, 170, 49, '2030-05-13'),
(904, 393, 732, 59, '2023-03-06'),
(905, 737, 690, 43, '2030-07-21'),
(906, 586, 125, 32, '2024-07-06'),
(907, 822, 809, 10, '2028-03-09'),
(908, 226, 630, 97, '2028-05-24'),
(909, 531, 834, 15, '2026-05-09'),
(910, 201, 699, 67, '0000-00-00'),
(911, 654, 533, 36, '2031-07-07'),
(912, 903, 113, 78, '2032-07-08'),
(913, 831, 954, 59, '2022-01-18'),
(914, 587, 34, 72, '2019-04-21'),
(915, 811, 846, 40, '2025-05-16'),
(916, 668, 916, 65, '2024-02-25'),
(917, 911, 168, 4, '0000-00-00'),
(918, 455, 748, 71, '2024-05-16'),
(919, 163, 208, 3, '2031-06-26'),
(920, 839, 160, 27, '2030-03-24'),
(921, 647, 790, 20, '2030-06-15'),
(922, 408, 863, 66, '2028-06-26'),
(923, 528, 83, 27, '2029-04-14'),
(924, 510, 953, 93, '2029-06-14'),
(925, 273, 507, 84, '2030-01-13'),
(926, 761, 543, 9, '2029-04-25'),
(927, 561, 236, 8, '2023-01-03'),
(928, 489, 259, 37, '2033-06-11'),
(929, 392, 798, 67, '2033-04-27'),
(930, 618, 76, 0, '2021-01-01'),
(931, 880, 279, 47, '2033-04-20'),
(932, 500, 3, 92, '2019-01-21'),
(933, 237, 612, 51, '2032-05-22'),
(934, 185, 115, 8, '2031-07-01'),
(935, 456, 475, 68, '2019-08-27'),
(936, 629, 434, 73, '2020-05-07'),
(937, 176, 283, 68, '2031-08-21'),
(938, 349, 158, 15, '2021-06-18'),
(939, 244, 778, 77, '2032-01-20'),
(940, 16, 734, 46, '2033-06-08'),
(941, 470, 712, 68, '2025-04-12'),
(942, 493, 284, 89, '2022-02-26'),
(943, 66, 137, 38, '2022-02-02'),
(944, 808, 877, 6, '0000-00-00'),
(945, 287, 784, 2, '2028-08-26'),
(946, 573, 143, 79, '2021-05-15'),
(947, 749, 42, 71, '2027-05-22'),
(948, 348, 744, 88, '2022-01-15'),
(949, 956, 40, 45, '2020-07-22'),
(950, 435, 185, 39, '2020-08-13'),
(951, 503, 319, 89, '2023-06-25'),
(952, 627, 479, 99, '2032-02-24'),
(953, 478, 605, 31, '2021-06-04'),
(954, 388, 151, 71, '2021-02-25'),
(955, 558, 182, 38, '2026-04-24'),
(956, 979, 100, 78, '2032-02-16'),
(957, 286, 357, 17, '2019-08-21'),
(958, 25, 802, 95, '2026-05-07'),
(959, 49, 529, 86, '2024-08-22'),
(960, 23, 362, 79, '2029-06-13'),
(961, 248, 351, 79, '2025-07-11'),
(962, 293, 912, 51, '2020-06-05'),
(963, 148, 490, 19, '0000-00-00'),
(964, 867, 864, 80, '2025-01-24'),
(965, 934, 490, 20, '2031-08-04'),
(966, 819, 498, 15, '2022-05-17'),
(967, 447, 224, 68, '0000-00-00'),
(968, 546, 411, 18, '0000-00-00'),
(969, 118, 452, 15, '2019-04-15'),
(970, 475, 305, 48, '2030-01-07'),
(971, 592, 969, 66, '2022-08-24'),
(972, 726, 625, 44, '2025-05-23'),
(973, 541, 858, 73, '0000-00-00'),
(974, 204, 546, 64, '0000-00-00'),
(975, 171, 336, 21, '2020-02-24'),
(976, 644, 805, 12, '2019-03-09'),
(977, 918, 699, 27, '2019-01-04'),
(978, 87, 883, 30, '2029-03-25'),
(979, 840, 864, 21, '2023-08-04'),
(980, 307, 35, 80, '2019-05-26'),
(981, 196, 7, 51, '2032-05-11'),
(982, 670, 663, 84, '2024-06-25'),
(983, 715, 807, 61, '2020-06-11'),
(984, 941, 546, 55, '2028-08-21'),
(985, 64, 777, 99, '0000-00-00'),
(986, 530, 406, 85, '2025-04-22'),
(987, 1000, 195, 95, '2020-05-05'),
(988, 681, 331, 38, '2029-01-24'),
(989, 714, 140, 69, '2028-02-22'),
(990, 99, 538, 80, '0000-00-00'),
(991, 873, 118, 12, '2026-03-20'),
(992, 523, 995, 21, '2023-04-12'),
(993, 845, 788, 94, '2019-07-03'),
(994, 734, 376, 3, '2025-01-10'),
(995, 620, 286, 42, '2027-02-04'),
(996, 516, 875, 86, '2023-05-05'),
(997, 923, 646, 55, '0000-00-00'),
(998, 41, 364, 93, '2025-03-25'),
(999, 17, 820, 81, '0000-00-00'),
(1000, 213, 396, 43, '0000-00-00');

-- --------------------------------------------------------

--
-- Estructura de tabla para la tabla `productos`
--

CREATE TABLE `productos` (
  `id_p` int(11) NOT NULL,
  `nombre_pro` varchar(32) NOT NULL,
  `precio` float NOT NULL,
  `caducidad` date NOT NULL,
  `presentacion` varchar(32) DEFAULT NULL
) ENGINE=InnoDB DEFAULT CHARSET=utf8mb4;

--
-- Volcado de datos para la tabla `productos`
--

INSERT INTO `productos` (`id_p`, `nombre_pro`, `precio`, `caducidad`, `presentacion`) VALUES
(1, 'Leche entera', 873.84, '2023-03-03', 'caja 1/2kg'),
(2, 'Crema ácida', 956.73, '2031-01-22', 'costal 10kg'),
(3, 'Jamón', 612.3, '2021-03-26', 'bolsa 1/4kg'),
(4, 'Leche descremada', 131.5, '2024-04-10', 'bolsa 1/2kg'),
(5, 'Queso panela', 449.45, '0000-00-00', 'costal 12kg'),
(6, 'Jamón', 698.57, '2027-05-28', 'bolsa 1kg'),
(7, 'Leche entera', 642.25, '2031-08-27', 'bolsa 1/4kg'),
(8, 'Queso oaxaca', 117.77, '2032-08-20', 'bolsa 3/4kg'),
(9, 'Leche entera', 867.48, '2026-08-10', 'costal 10kg'),
(10, 'Queso panela', 387.19, '2031-04-28', 'costal 12kg'),
(11, 'Leche semidescremada', 670.49, '2019-08-20', 'bolsa 100gm'),
(12, 'Media crema', 978.21, '2032-03-13', 'bolsa 100gm'),
(13, 'Leche semidescremada', 11.58, '0000-00-00', 'caja 1/4kg'),
(14, 'Jamón', 118.29, '2023-08-15', 'bolsa 1/4kg'),
(15, 'Queso oaxaca', 410.14, '2020-05-22', 'bolsa 3kg'),
(16, 'Jamón', 921.35, '0000-00-00', 'bolsa 1/4kg'),
(17, 'Jamón serrano', 186.32, '2029-08-11', 'caja 100gm'),
(18, 'Jamón', 865.81, '2028-07-03', 'bolsa 5kg'),
(19, 'Jamón', 300.43, '0000-00-00', 'costal 10kg'),
(20, 'Leche entera', 120.34, '2021-07-02', 'costal 25kg'),
(21, 'Leche descremada', 290.03, '2023-07-13', 'bolsa 3/4kg'),
(22, 'Leche entera', 217.21, '2031-07-09', 'caja 100gm'),
(23, 'Crema ácida', 804.55, '2028-04-01', 'caja 100gm'),
(24, 'Crema ácida', 573.32, '0000-00-00', 'costal 50kg'),
(25, 'Peperoni', 237.71, '2032-05-23', 'bolsa 3kg'),
(26, 'Leche entera', 358.89, '2023-07-01', 'bolsa 3kg'),
(27, 'Leche entera', 957.5, '2030-05-03', 'caja 1kg'),
(28, 'Crema ácida', 213.77, '2029-04-01', 'costal 10kg'),
(29, 'Jamón', 633.85, '2023-08-26', 'costal 10kg'),
(30, 'Jamón serrano', 311.49, '2021-01-05', 'bolsa 100gm'),
(31, 'Jamón serrano', 163.94, '0000-00-00', 'costal 15kg'),
(32, 'Tocino', 270.86, '2020-01-07', 'caja 1/2kg'),
(33, 'Queso panela', 695.24, '2030-08-07', 'costal 15kg'),
(34, 'Tocino', 415.29, '2032-07-16', 'caja 1/4kg'),
(35, 'Peperoni', 246.05, '0000-00-00', 'bolsa 2kg'),
(36, 'Queso oaxaca', 879.78, '2029-01-27', 'caja 3/4kg'),
(37, 'Leche entera', 423.9, '0000-00-00', 'bolsa 3/4kg'),
(38, 'Media crema', 65.51, '2030-07-09', 'bolsa 5kg'),
(39, 'Queso panela', 741.38, '0000-00-00', 'costal 15kg'),
(40, 'Queso oaxaca', 942.14, '0000-00-00', 'bolsa 3kg'),
(41, 'Jamón serrano', 29.87, '0000-00-00', 'bolsa 3kg'),
(42, 'Leche descremada', 697.72, '2019-02-09', 'caja 1/2kg'),
(43, 'Media crema', 450.69, '2030-03-28', 'bolsa 1/2kg'),
(44, 'Media crema', 236.28, '2022-05-11', 'caja 1kg'),
(45, 'Jamón', 604.09, '2019-08-07', 'caja 100gm'),
(46, 'Leche descremada', 23.12, '2021-01-07', 'caja 1/2kg'),
(47, 'Leche entera', 235.8, '2022-03-13', 'bolsa 3kg'),
(48, 'Leche descremada', 777.64, '2020-03-09', 'costal 15kg'),
(49, 'Jamón', 41.26, '0000-00-00', 'caja 1/2kg'),
(50, 'Leche semidescremada', 513.95, '2025-04-26', 'caja 100gm'),
(51, 'Queso panela', 67.48, '0000-00-00', 'caja 3/4kg'),
(52, 'Leche descremada', 429.09, '2021-04-18', 'costal 10kg'),
(53, 'Peperoni', 212.64, '2025-06-14', 'caja 1/4kg'),
(54, 'Peperoni', 138.84, '2025-02-12', 'caja 1kg'),
(55, 'Jamón serrano', 323.25, '2019-07-17', 'costal 15kg'),
(56, 'Leche descremada', 761.31, '2019-01-26', 'costal 20kg'),
(57, 'Media crema', 388.99, '2022-06-25', 'caja 1/4kg'),
(58, 'Media crema', 348.11, '2023-05-12', 'bolsa 3kg'),
(59, 'Queso oaxaca', 335.26, '2021-03-08', 'bolsa 3/4kg'),
(60, 'Leche semidescremada', 163.14, '2025-05-22', 'caja 100gm'),
(61, 'Tocino', 913.32, '2023-04-04', 'costal 20kg'),
(62, 'Media crema', 309.17, '2032-05-25', 'costal 20kg'),
(63, 'Queso panela', 188.13, '2028-08-01', 'caja 1/2kg'),
(64, 'Leche entera', 201.91, '2025-08-26', 'caja 1/2kg'),
(65, 'Jamón serrano', 123.82, '2027-02-25', 'caja 1/2kg'),
(66, 'Jamón serrano', 391.87, '2022-06-16', 'bolsa 1/4kg'),
(67, 'Leche descremada', 766.82, '2030-01-05', 'costal 15kg'),
(68, 'Leche semidescremada', 233.8, '0000-00-00', 'costal 25kg'),
(69, 'Leche entera', 526.67, '2031-01-12', 'costal 20kg'),
(70, 'Jamón', 903.82, '2023-08-20', 'caja 1/4kg'),
(71, 'Media crema', 54.46, '2022-01-10', 'caja 100gm'),
(72, 'Media crema', 264.2, '2028-04-17', 'costal 20kg'),
(73, 'Tocino', 218.92, '2026-05-12', 'bolsa 100gm'),
(74, 'Leche entera', 75.77, '2022-01-01', 'caja 3/4kg'),
(75, 'Tocino', 680.21, '2019-08-10', 'caja 1/4kg'),
(76, 'Leche descremada', 58.05, '2020-04-23', 'bolsa 1/4kg'),
(77, 'Peperoni', 561.31, '2027-04-20', 'costal 25kg'),
(78, 'Crema ácida', 296.95, '2033-02-16', 'caja 1/4kg'),
(79, 'Peperoni', 717.12, '0000-00-00', 'caja 1/2kg'),
(80, 'Leche descremada', 500.2, '2027-08-08', 'caja 3/4kg'),
(81, 'Queso panela', 101.16, '2027-08-01', 'caja 1/4kg'),
(82, 'Media crema', 600.41, '2028-06-13', 'bolsa 5kg'),
(83, 'Queso panela', 729.96, '2028-08-12', 'caja 1/2kg'),
(84, 'Tocino', 205.76, '2030-04-21', 'costal 15kg'),
(85, 'Leche descremada', 745.16, '2032-06-23', 'bolsa 100gm'),
(86, 'Queso panela', 398.41, '2025-06-08', 'caja 1/2kg'),
(87, 'Leche semidescremada', 73.11, '2031-07-15', 'bolsa 1kg'),
(88, 'Queso oaxaca', 380.46, '2023-08-28', 'caja 3/4kg'),
(89, 'Jamón', 182.3, '2029-04-20', 'bolsa 3/4kg'),
(90, 'Leche semidescremada', 467.72, '2024-08-05', 'bolsa 1kg'),
(91, 'Queso oaxaca', 438.34, '2023-02-08', 'bolsa 1/2kg'),
(92, 'Queso panela', 930.97, '2033-01-28', 'bolsa 3kg'),
(93, 'Peperoni', 556.66, '2025-03-21', 'caja 1kg'),
(94, 'Leche semidescremada', 185.02, '2032-08-12', 'bolsa 2kg'),
(95, 'Jamón', 652.77, '2032-01-21', 'costal 10kg'),
(96, 'Tocino', 825.3, '2031-02-06', 'bolsa 1kg'),
(97, 'Crema ácida', 390.29, '2030-06-14', 'bolsa 1kg'),
(98, 'Crema ácida', 12.22, '2033-08-16', 'bolsa 3/4kg'),
(99, 'Queso oaxaca', 726.6, '2031-03-22', 'costal 50kg'),
(100, 'Peperoni', 703.1, '2023-01-05', 'costal 50kg'),
(101, 'Peperoni', 756.07, '2031-06-13', 'costal 20kg'),
(102, 'Peperoni', 231.81, '2021-06-06', 'costal 50kg'),
(103, 'Peperoni', 151.07, '2019-02-26', 'caja 1/4kg'),
(104, 'Queso panela', 736.04, '2024-06-26', 'bolsa 3/4kg'),
(105, 'Peperoni', 700.53, '0000-00-00', 'bolsa 100gm'),
(106, 'Crema ácida', 932.24, '2023-01-10', 'bolsa 1kg'),
(107, 'Queso panela', 446.23, '2024-01-28', 'costal 20kg'),
(108, 'Queso panela', 738.19, '2025-02-07', 'bolsa 1/4kg'),
(109, 'Queso panela', 916.71, '0000-00-00', 'bolsa 3kg'),
(110, 'Leche descremada', 243.26, '2023-04-28', 'caja 1/2kg'),
(111, 'Crema ácida', 958.84, '2020-08-17', 'caja 1kg'),
(112, 'Leche semidescremada', 526.3, '2033-01-21', 'costal 25kg'),
(113, 'Leche semidescremada', 667.05, '2021-04-12', 'bolsa 3/4kg'),
(114, 'Queso panela', 821.23, '2033-01-07', 'bolsa 5kg'),
(115, 'Leche descremada', 910.21, '2021-08-09', 'bolsa 100gm'),
(116, 'Leche semidescremada', 530.21, '2033-06-04', 'bolsa 2kg'),
(117, 'Queso panela', 956.18, '2025-03-28', 'caja 1kg'),
(118, 'Leche descremada', 584.55, '2023-07-27', 'bolsa 100gm'),
(119, 'Queso oaxaca', 694.02, '2023-06-02', 'bolsa 5kg'),
(120, 'Peperoni', 653.19, '2033-03-07', 'caja 100gm'),
(121, 'Leche descremada', 953.83, '2022-06-23', 'bolsa 5kg'),
(122, 'Queso panela', 698.93, '2021-06-22', 'bolsa 3/4kg'),
(123, 'Queso oaxaca', 424.24, '2029-08-23', 'costal 10kg'),
(124, 'Jamón', 382.26, '2031-07-09', 'caja 1/2kg'),
(125, 'Leche semidescremada', 667.63, '2020-01-26', 'bolsa 100gm'),
(126, 'Peperoni', 812.82, '0000-00-00', 'costal 10kg'),
(127, 'Jamón serrano', 732.91, '2032-02-08', 'costal 15kg'),
(128, 'Jamón', 148.59, '2028-02-21', 'costal 50kg'),
(129, 'Jamón serrano', 866.02, '2031-03-02', 'caja 1/4kg'),
(130, 'Leche entera', 542.68, '2027-05-02', 'bolsa 1/4kg'),
(131, 'Leche entera', 818.04, '2030-01-22', 'caja 1kg'),
(132, 'Crema ácida', 937.82, '2031-04-10', 'bolsa 2kg'),
(133, 'Tocino', 251.02, '2030-04-25', 'caja 1/4kg'),
(134, 'Leche descremada', 208.42, '2024-04-26', 'bolsa 5kg'),
(135, 'Peperoni', 741.42, '2029-06-24', 'caja 1/2kg'),
(136, 'Media crema', 150.41, '2027-06-08', 'bolsa 2kg'),
(137, 'Queso oaxaca', 881.19, '2019-06-02', 'caja 1/2kg'),
(138, 'Leche semidescremada', 818.66, '2029-02-11', 'bolsa 1kg'),
(139, 'Jamón', 976.53, '2025-01-04', 'costal 12kg'),
(140, 'Jamón serrano', 712.02, '2022-05-02', 'caja 100gm'),
(141, 'Queso panela', 844.36, '2025-05-04', 'caja 3/4kg'),
(142, 'Queso panela', 306.15, '2023-04-14', 'caja 100gm'),
(143, 'Jamón serrano', 206.33, '2028-02-20', 'costal 15kg'),
(144, 'Jamón', 433.83, '0000-00-00', 'caja 3/4kg'),
(145, 'Leche descremada', 180.59, '2021-07-28', 'caja 1/2kg'),
(146, 'Leche semidescremada', 13.09, '2030-08-23', 'caja 1/2kg'),
(147, 'Media crema', 371.15, '2020-04-17', 'caja 1kg'),
(148, 'Leche entera', 622.9, '2024-08-15', 'bolsa 3/4kg'),
(149, 'Crema ácida', 54.95, '0000-00-00', 'caja 1kg'),
(150, 'Jamón', 426.51, '2019-06-25', 'costal 50kg'),
(151, 'Peperoni', 966.52, '0000-00-00', 'bolsa 1/4kg'),
(152, 'Leche descremada', 942.53, '2025-04-21', 'caja 100gm'),
(153, 'Leche descremada', 180.39, '2033-08-05', 'caja 1/2kg'),
(154, 'Media crema', 163.58, '2028-05-18', 'bolsa 2kg'),
(155, 'Leche entera', 591.05, '2025-06-05', 'costal 10kg'),
(156, 'Queso oaxaca', 522.62, '2030-03-20', 'costal 15kg'),
(157, 'Jamón serrano', 490.63, '2021-02-22', 'bolsa 5kg'),
(158, 'Tocino', 206.98, '2030-03-21', 'costal 50kg'),
(159, 'Media crema', 744.25, '2024-08-01', 'caja 1/2kg'),
(160, 'Tocino', 319.98, '2027-05-28', 'bolsa 5kg'),
(161, 'Tocino', 62.95, '2027-07-09', 'bolsa 2kg'),
(162, 'Peperoni', 390.27, '0000-00-00', 'bolsa 3kg'),
(163, 'Queso panela', 874.39, '2029-04-14', 'costal 20kg'),
(164, 'Leche semidescremada', 728.74, '2023-03-01', 'caja 1kg'),
(165, 'Media crema', 291.07, '2033-07-01', 'bolsa 1kg'),
(166, 'Crema ácida', 133.21, '2028-02-05', 'costal 15kg'),
(167, 'Crema ácida', 676.36, '2020-06-22', 'costal 20kg'),
(168, 'Queso oaxaca', 440.66, '0000-00-00', 'costal 20kg'),
(169, 'Crema ácida', 308.02, '2025-02-09', 'costal 25kg'),
(170, 'Leche semidescremada', 427.15, '2022-08-09', 'bolsa 2kg'),
(171, 'Queso panela', 639.53, '2024-02-26', 'costal 25kg'),
(172, 'Queso panela', 555.48, '2021-07-11', 'bolsa 3kg'),
(173, 'Queso panela', 658.97, '2023-07-11', 'costal 20kg'),
(174, 'Leche descremada', 70.34, '2024-07-24', 'bolsa 1/4kg'),
(175, 'Jamón', 845.59, '2027-06-10', 'caja 1kg'),
(176, 'Jamón', 941.3, '0000-00-00', 'costal 20kg'),
(177, 'Leche descremada', 224.06, '2028-01-02', 'bolsa 2kg'),
(178, 'Tocino', 153.3, '0000-00-00', 'costal 15kg'),
(179, 'Leche entera', 16.37, '2027-01-24', 'costal 50kg'),
(180, 'Leche semidescremada', 844.92, '2031-03-01', 'costal 25kg'),
(181, 'Media crema', 391.32, '2019-02-15', 'costal 25kg'),
(182, 'Crema ácida', 794.19, '2031-02-28', 'caja 3/4kg'),
(183, 'Queso oaxaca', 811.76, '2032-04-22', 'bolsa 2kg'),
(184, 'Jamón serrano', 752.17, '2027-06-22', 'costal 20kg'),
(185, 'Queso oaxaca', 479.44, '2027-02-11', 'bolsa 1/2kg'),
(186, 'Queso panela', 124.12, '2025-07-07', 'bolsa 3kg'),
(187, 'Queso oaxaca', 377.51, '2030-05-11', 'bolsa 1/4kg'),
(188, 'Peperoni', 498.31, '2020-07-08', 'bolsa 5kg'),
(189, 'Crema ácida', 410.68, '2029-04-11', 'bolsa 1/4kg'),
(190, 'Media crema', 522.54, '2025-03-25', 'caja 100gm'),
(191, 'Queso panela', 143.08, '0000-00-00', 'costal 12kg'),
(192, 'Peperoni', 628.31, '2030-07-14', 'costal 20kg'),
(193, 'Crema ácida', 633.69, '2021-02-13', 'costal 12kg'),
(194, 'Media crema', 102.58, '2026-06-27', 'costal 15kg'),
(195, 'Queso panela', 869.53, '2033-08-02', 'bolsa 2kg'),
(196, 'Crema ácida', 7.28, '0000-00-00', 'costal 20kg'),
(197, 'Queso oaxaca', 296.39, '0000-00-00', 'bolsa 3/4kg'),
(198, 'Queso oaxaca', 446.39, '2031-05-20', 'bolsa 3/4kg'),
(199, 'Crema ácida', 947.34, '2025-07-11', 'costal 25kg'),
(200, 'Media crema', 680.76, '2021-01-16', 'caja 1/2kg'),
(201, 'Queso oaxaca', 668.79, '2033-02-10', 'bolsa 5kg'),
(202, 'Queso panela', 590.51, '2033-02-23', 'bolsa 100gm'),
(203, 'Leche entera', 944.28, '0000-00-00', 'costal 12kg'),
(204, 'Leche descremada', 985.11, '0000-00-00', 'bolsa 3/4kg'),
(205, 'Jamón', 815.86, '0000-00-00', 'bolsa 100gm'),
(206, 'Leche descremada', 261.19, '2023-04-18', 'costal 50kg'),
(207, 'Media crema', 403.23, '2024-05-01', 'caja 1/4kg'),
(208, 'Jamón', 907.85, '2020-04-07', 'bolsa 3kg'),
(209, 'Jamón', 520.38, '2033-08-27', 'caja 100gm'),
(210, 'Queso panela', 359.78, '2027-08-11', 'bolsa 100gm'),
(211, 'Jamón serrano', 890.07, '2023-06-24', 'costal 15kg'),
(212, 'Leche entera', 697.98, '2027-08-26', 'caja 3/4kg'),
(213, 'Jamón serrano', 455.79, '2028-05-16', 'caja 3/4kg'),
(214, 'Leche descremada', 698.08, '2024-07-18', 'bolsa 5kg'),
(215, 'Crema ácida', 291.51, '2026-07-27', 'costal 10kg'),
(216, 'Jamón', 726.4, '2027-01-21', 'bolsa 1kg'),
(217, 'Queso oaxaca', 609.03, '2033-03-17', 'bolsa 100gm'),
(218, 'Queso panela', 983.64, '2022-02-08', 'bolsa 1/4kg'),
(219, 'Media crema', 362.95, '2024-02-01', 'bolsa 2kg'),
(220, 'Peperoni', 596.19, '2025-01-06', 'bolsa 100gm'),
(221, 'Leche descremada', 953.41, '2023-04-05', 'bolsa 1/2kg'),
(222, 'Media crema', 55.17, '2022-07-26', 'caja 1/4kg'),
(223, 'Peperoni', 526.34, '2029-02-10', 'costal 15kg'),
(224, 'Crema ácida', 503.02, '2031-07-12', 'caja 100gm'),
(225, 'Media crema', 371.47, '2022-07-06', 'costal 10kg'),
(226, 'Crema ácida', 367.87, '0000-00-00', 'costal 10kg'),
(227, 'Jamón serrano', 917.98, '2024-07-04', 'caja 1/4kg'),
(228, 'Queso panela', 845.46, '2030-01-03', 'bolsa 1/2kg'),
(229, 'Crema ácida', 827.78, '2029-07-14', 'caja 1kg'),
(230, 'Leche descremada', 728.77, '2025-08-28', 'bolsa 1/2kg'),
(231, 'Leche semidescremada', 686.46, '2024-03-20', 'bolsa 1/4kg'),
(232, 'Media crema', 85.34, '0000-00-00', 'bolsa 5kg'),
(233, 'Jamón', 791.87, '2029-06-06', 'costal 12kg'),
(234, 'Media crema', 282.11, '2025-07-15', 'costal 10kg'),
(235, 'Queso oaxaca', 540.43, '2025-03-13', 'costal 20kg'),
(236, 'Media crema', 858.12, '2023-07-17', 'caja 100gm'),
(237, 'Crema ácida', 911, '0000-00-00', 'caja 1kg'),
(238, 'Leche semidescremada', 744.66, '2024-01-15', 'caja 1kg'),
(239, 'Leche entera', 546.49, '0000-00-00', 'caja 3/4kg'),
(240, 'Leche descremada', 333.24, '2023-01-11', 'costal 50kg'),
(241, 'Media crema', 933.07, '2019-03-04', 'bolsa 100gm'),
(242, 'Jamón serrano', 891.09, '2032-06-25', 'bolsa 1/2kg'),
(243, 'Tocino', 177.06, '2022-08-13', 'caja 1/4kg'),
(244, 'Leche entera', 824.43, '2024-01-13', 'caja 1/2kg'),
(245, 'Peperoni', 879.46, '0000-00-00', 'caja 100gm'),
(246, 'Queso panela', 289.31, '2029-05-13', 'costal 15kg'),
(247, 'Leche entera', 608.17, '2029-08-10', 'bolsa 3/4kg'),
(248, 'Crema ácida', 650.13, '2033-06-16', 'caja 1/4kg'),
(249, 'Jamón serrano', 467.84, '2029-07-08', 'bolsa 3kg'),
(250, 'Crema ácida', 285.84, '2024-06-22', 'bolsa 5kg'),
(251, 'Queso oaxaca', 267.38, '2025-07-09', 'bolsa 3kg'),
(252, 'Peperoni', 243.77, '2030-06-28', 'bolsa 3/4kg'),
(253, 'Queso panela', 785.1, '2033-05-05', 'bolsa 1/2kg'),
(254, 'Jamón serrano', 241.14, '2019-02-24', 'bolsa 1/4kg'),
(255, 'Peperoni', 631.58, '2032-01-28', 'bolsa 5kg'),
(256, 'Queso panela', 514.19, '2029-04-27', 'costal 50kg'),
(257, 'Jamón', 210.12, '2031-08-08', 'costal 12kg'),
(258, 'Leche entera', 14.99, '0000-00-00', 'bolsa 1kg'),
(259, 'Leche descremada', 274.87, '0000-00-00', 'bolsa 2kg'),
(260, 'Leche semidescremada', 455.92, '0000-00-00', 'bolsa 1/4kg'),
(261, 'Queso panela', 586.67, '2032-04-21', 'costal 10kg'),
(262, 'Tocino', 701.8, '2021-01-12', 'bolsa 1/4kg'),
(263, 'Tocino', 166.42, '2031-04-26', 'bolsa 100gm'),
(264, 'Jamón serrano', 9.61, '2033-01-02', 'bolsa 2kg'),
(265, 'Queso oaxaca', 646.26, '2023-03-12', 'costal 20kg'),
(266, 'Peperoni', 616, '2028-02-26', 'costal 15kg'),
(267, 'Leche entera', 218.27, '2029-07-21', 'caja 1kg'),
(268, 'Media crema', 172.31, '2028-04-12', 'bolsa 1/4kg'),
(269, 'Media crema', 680.96, '2022-03-01', 'bolsa 5kg'),
(270, 'Tocino', 527.37, '2021-01-11', 'bolsa 1/2kg'),
(271, 'Leche descremada', 83.26, '2029-06-22', 'bolsa 1/2kg'),
(272, 'Crema ácida', 357.86, '2029-04-05', 'costal 12kg'),
(273, 'Crema ácida', 466.3, '2019-04-26', 'caja 1kg'),
(274, 'Peperoni', 146.4, '2025-02-26', 'bolsa 3kg'),
(275, 'Jamón serrano', 202.79, '2032-07-23', 'bolsa 1kg'),
(276, 'Peperoni', 7.24, '2021-03-17', 'bolsa 1kg'),
(277, 'Leche entera', 434.07, '2033-04-18', 'costal 15kg'),
(278, 'Jamón', 859.64, '2023-03-18', 'caja 1/4kg'),
(279, 'Queso oaxaca', 104.77, '2027-08-22', 'bolsa 1kg'),
(280, 'Tocino', 448.91, '2030-06-06', 'caja 3/4kg'),
(281, 'Leche semidescremada', 95.2, '2026-04-16', 'bolsa 5kg'),
(282, 'Peperoni', 715.06, '2026-01-20', 'costal 25kg'),
(283, 'Leche semidescremada', 951.38, '2025-03-12', 'costal 50kg'),
(284, 'Tocino', 9.17, '2026-06-27', 'costal 25kg'),
(285, 'Queso panela', 712.63, '2032-05-08', 'costal 25kg'),
(286, 'Jamón serrano', 657.38, '2019-07-15', 'bolsa 3/4kg'),
(287, 'Jamón', 336.99, '2026-03-08', 'caja 100gm'),
(288, 'Jamón', 372.52, '0000-00-00', 'bolsa 5kg'),
(289, 'Media crema', 224.11, '2023-07-20', 'bolsa 3/4kg'),
(290, 'Media crema', 13.44, '2031-02-12', 'bolsa 3/4kg'),
(291, 'Media crema', 335.97, '2019-01-16', 'caja 1/2kg'),
(292, 'Tocino', 191.97, '2019-08-01', 'costal 50kg'),
(293, 'Media crema', 415.09, '2030-01-24', 'costal 15kg'),
(294, 'Queso panela', 227.54, '2021-07-05', 'bolsa 5kg'),
(295, 'Crema ácida', 800.56, '2023-07-08', 'bolsa 100gm'),
(296, 'Leche semidescremada', 949.44, '2032-07-09', 'bolsa 1/4kg'),
(297, 'Jamón serrano', 341.58, '2031-04-01', 'costal 12kg'),
(298, 'Crema ácida', 846.8, '2032-04-15', 'caja 1/4kg'),
(299, 'Jamón serrano', 908.73, '2024-05-24', 'costal 20kg'),
(300, 'Jamón', 66.11, '0000-00-00', 'bolsa 3/4kg'),
(301, 'Queso panela', 2.95, '2021-03-21', 'costal 20kg'),
(302, 'Media crema', 756.52, '2029-04-22', 'caja 1kg'),
(303, 'Leche descremada', 962.01, '2030-07-23', 'bolsa 100gm'),
(304, 'Leche semidescremada', 262.72, '2025-07-01', 'caja 3/4kg'),
(305, 'Leche entera', 264.84, '2025-05-12', 'caja 1/4kg'),
(306, 'Jamón serrano', 665.51, '0000-00-00', 'caja 3/4kg'),
(307, 'Leche entera', 433.34, '2032-03-08', 'caja 100gm'),
(308, 'Leche entera', 169.99, '2026-02-16', 'bolsa 5kg'),
(309, 'Leche entera', 31.98, '0000-00-00', 'caja 1/2kg'),
(310, 'Jamón', 841.46, '2020-04-11', 'caja 1/2kg'),
(311, 'Leche entera', 264.95, '0000-00-00', 'caja 100gm'),
(312, 'Leche entera', 188.91, '2024-02-23', 'caja 1/2kg'),
(313, 'Leche entera', 671.05, '2026-01-15', 'costal 25kg'),
(314, 'Crema ácida', 96.26, '2027-04-09', 'bolsa 3kg'),
(315, 'Peperoni', 416.18, '2022-02-06', 'bolsa 1/2kg'),
(316, 'Queso panela', 601.14, '2026-08-15', 'caja 1/4kg'),
(317, 'Queso oaxaca', 683.53, '0000-00-00', 'costal 10kg'),
(318, 'Leche entera', 21.42, '2020-03-05', 'costal 50kg'),
(319, 'Jamón', 661.36, '2020-07-18', 'costal 10kg'),
(320, 'Leche descremada', 929.33, '2027-03-13', 'bolsa 100gm'),
(321, 'Jamón serrano', 628.55, '2025-03-23', 'bolsa 1/2kg'),
(322, 'Jamón', 473.32, '0000-00-00', 'costal 25kg'),
(323, 'Leche entera', 637.65, '2032-03-04', 'bolsa 5kg'),
(324, 'Tocino', 547.48, '2029-03-24', 'caja 1/4kg'),
(325, 'Peperoni', 295.74, '2029-04-17', 'bolsa 3kg'),
(326, 'Jamón serrano', 308.68, '2033-01-11', 'caja 1kg'),
(327, 'Jamón', 142.85, '2026-04-17', 'costal 50kg'),
(328, 'Queso panela', 541.31, '2031-07-03', 'costal 25kg'),
(329, 'Crema ácida', 128.09, '2026-02-24', 'bolsa 2kg'),
(330, 'Jamón serrano', 369.79, '2032-01-09', 'caja 1/4kg'),
(331, 'Peperoni', 683.35, '2025-04-24', 'caja 3/4kg'),
(332, 'Leche semidescremada', 818.59, '0000-00-00', 'bolsa 1/2kg'),
(333, 'Leche semidescremada', 894.79, '2025-07-11', 'bolsa 100gm'),
(334, 'Leche entera', 719.98, '2023-07-15', 'bolsa 3kg'),
(335, 'Peperoni', 271.87, '2032-03-21', 'caja 3/4kg'),
(336, 'Jamón serrano', 469.47, '2032-08-08', 'bolsa 3/4kg'),
(337, 'Queso oaxaca', 614.1, '2023-01-12', 'caja 3/4kg'),
(338, 'Peperoni', 128.86, '0000-00-00', 'bolsa 5kg'),
(339, 'Media crema', 475.4, '2028-01-08', 'costal 15kg'),
(340, 'Queso panela', 376.91, '2021-04-07', 'bolsa 1kg'),
(341, 'Leche entera', 726.18, '2033-08-20', 'costal 15kg'),
(342, 'Queso oaxaca', 807.76, '0000-00-00', 'caja 100gm'),
(343, 'Queso oaxaca', 712.99, '2023-05-18', 'bolsa 1/4kg'),
(344, 'Queso oaxaca', 76.93, '0000-00-00', 'caja 1kg'),
(345, 'Leche entera', 515.94, '2024-01-05', 'caja 1/4kg'),
(346, 'Jamón', 395.03, '2033-02-16', 'bolsa 1/4kg'),
(347, 'Leche entera', 803.65, '2021-07-13', 'costal 25kg'),
(348, 'Peperoni', 869.05, '2031-06-21', 'caja 1kg'),
(349, 'Jamón', 785.93, '0000-00-00', 'costal 50kg'),
(350, 'Queso panela', 191.41, '2023-02-15', 'caja 1/4kg'),
(351, 'Leche semidescremada', 764.15, '2031-05-14', 'costal 20kg'),
(352, 'Media crema', 176.58, '2024-01-25', 'bolsa 1/4kg'),
(353, 'Crema ácida', 779.14, '0000-00-00', 'costal 20kg'),
(354, 'Crema ácida', 645.39, '2021-01-06', 'costal 25kg'),
(355, 'Leche entera', 856.92, '2019-04-24', 'bolsa 3kg'),
(356, 'Leche semidescremada', 157.01, '2029-06-27', 'costal 10kg'),
(357, 'Leche entera', 351.89, '2023-06-26', 'bolsa 3kg'),
(358, 'Jamón', 88.54, '2027-08-26', 'caja 3/4kg'),
(359, 'Jamón serrano', 887.88, '2029-05-12', 'bolsa 100gm'),
(360, 'Peperoni', 562.33, '2022-07-15', 'caja 1/2kg'),
(361, 'Queso oaxaca', 396.66, '2022-02-03', 'bolsa 3kg'),
(362, 'Leche semidescremada', 720.88, '2030-05-14', 'bolsa 3kg'),
(363, 'Peperoni', 754.28, '2024-01-17', 'bolsa 5kg'),
(364, 'Queso panela', 849.42, '2028-05-18', 'caja 3/4kg'),
(365, 'Jamón', 514.95, '0000-00-00', 'costal 10kg'),
(366, 'Leche entera', 846.21, '2031-02-12', 'bolsa 2kg'),
(367, 'Jamón', 242.59, '2024-08-24', 'bolsa 5kg'),
(368, 'Jamón serrano', 540.37, '0000-00-00', 'caja 1/4kg'),
(369, 'Queso panela', 940.12, '2033-06-03', 'caja 100gm'),
(370, 'Jamón', 357.49, '2022-08-13', 'caja 3/4kg'),
(371, 'Leche semidescremada', 76.3, '2026-02-24', 'caja 1/2kg'),
(372, 'Peperoni', 832.83, '2025-01-21', 'caja 1/2kg'),
(373, 'Queso panela', 710.27, '2030-06-04', 'costal 15kg'),
(374, 'Jamón serrano', 472.17, '2024-05-25', 'costal 15kg'),
(375, 'Jamón serrano', 213.8, '0000-00-00', 'costal 25kg'),
(376, 'Leche semidescremada', 460.38, '2024-02-03', 'bolsa 1/4kg'),
(377, 'Queso oaxaca', 91.07, '2033-04-06', 'caja 1/4kg'),
(378, 'Leche semidescremada', 717.56, '2028-05-08', 'caja 1/2kg'),
(379, 'Jamón serrano', 396.25, '2032-07-16', 'bolsa 5kg'),
(380, 'Queso oaxaca', 802.89, '2021-01-05', 'caja 3/4kg'),
(381, 'Jamón serrano', 248.61, '2023-03-27', 'caja 100gm'),
(382, 'Leche entera', 166.15, '2033-05-24', 'costal 50kg'),
(383, 'Leche descremada', 945.39, '2020-06-25', 'costal 15kg'),
(384, 'Peperoni', 246.84, '2028-05-07', 'bolsa 1/2kg'),
(385, 'Crema ácida', 172.25, '2029-08-12', 'costal 50kg'),
(386, 'Leche semidescremada', 921.01, '2030-02-13', 'bolsa 3/4kg'),
(387, 'Media crema', 811.42, '0000-00-00', 'caja 1/4kg'),
(388, 'Jamón serrano', 795.69, '2032-07-16', 'caja 100gm'),
(389, 'Crema ácida', 847.49, '2031-08-05', 'bolsa 3/4kg'),
(390, 'Jamón', 851.07, '2022-07-14', 'bolsa 5kg'),
(391, 'Media crema', 870.85, '2024-04-24', 'bolsa 1/4kg'),
(392, 'Jamón', 930.23, '2032-08-04', 'bolsa 1/2kg'),
(393, 'Queso panela', 678.8, '2019-06-16', 'bolsa 1/4kg'),
(394, 'Jamón', 576.57, '2033-06-07', 'costal 12kg'),
(395, 'Queso panela', 474.33, '2021-05-21', 'caja 1/2kg'),
(396, 'Queso panela', 718.93, '2033-06-04', 'caja 1/2kg'),
(397, 'Tocino', 162.49, '2028-03-03', 'caja 100gm'),
(398, 'Media crema', 704.32, '0000-00-00', 'bolsa 1/2kg'),
(399, 'Leche descremada', 244.53, '2030-05-07', 'costal 50kg'),
(400, 'Jamón serrano', 178.3, '2028-03-16', 'caja 1/4kg'),
(401, 'Queso oaxaca', 809.55, '2022-07-21', 'bolsa 3kg'),
(402, 'Leche descremada', 313.08, '2023-02-27', 'bolsa 5kg'),
(403, 'Leche descremada', 123.97, '2027-05-15', 'costal 15kg'),
(404, 'Peperoni', 883.22, '2032-08-23', 'caja 100gm'),
(405, 'Queso oaxaca', 318.5, '2024-04-04', 'bolsa 3/4kg'),
(406, 'Leche entera', 688.96, '2026-04-05', 'costal 25kg'),
(407, 'Jamón serrano', 672.89, '2021-01-04', 'bolsa 3kg'),
(408, 'Jamón serrano', 827.32, '2025-01-18', 'costal 20kg'),
(409, 'Crema ácida', 998.26, '2029-05-07', 'caja 1/4kg'),
(410, 'Crema ácida', 310.7, '2029-01-09', 'caja 1kg'),
(411, 'Queso panela', 617.09, '2025-06-26', 'caja 100gm'),
(412, 'Crema ácida', 533.3, '2025-07-23', 'bolsa 2kg'),
(413, 'Leche semidescremada', 440.95, '2032-05-05', 'bolsa 1/2kg'),
(414, 'Jamón serrano', 85.06, '2020-02-12', 'caja 1/4kg'),
(415, 'Media crema', 645.77, '2032-05-03', 'caja 1/2kg'),
(416, 'Queso oaxaca', 413.32, '2022-06-05', 'bolsa 2kg'),
(417, 'Leche semidescremada', 444.83, '2024-07-02', 'caja 3/4kg'),
(418, 'Leche entera', 832.16, '2027-04-26', 'bolsa 3kg'),
(419, 'Tocino', 459.41, '2019-01-09', 'bolsa 100gm'),
(420, 'Tocino', 379.31, '2027-03-21', 'bolsa 1kg'),
(421, 'Jamón', 187.07, '2029-06-23', 'costal 25kg'),
(422, 'Leche entera', 20.84, '2030-07-26', 'bolsa 100gm'),
(423, 'Tocino', 67.6, '2026-05-06', 'bolsa 5kg'),
(424, 'Crema ácida', 703.37, '2020-08-27', 'caja 1/2kg'),
(425, 'Jamón', 646.64, '2028-05-02', 'bolsa 5kg'),
(426, 'Peperoni', 754.02, '2025-01-01', 'costal 20kg'),
(427, 'Leche entera', 336.9, '2032-05-02', 'costal 12kg'),
(428, 'Jamón serrano', 128.05, '2030-08-25', 'bolsa 2kg'),
(429, 'Leche entera', 277.14, '2025-04-03', 'bolsa 1kg'),
(430, 'Jamón', 4.02, '2029-03-22', 'costal 25kg'),
(431, 'Crema ácida', 788.68, '2021-04-13', 'caja 3/4kg'),
(432, 'Jamón', 226.78, '2028-05-14', 'bolsa 3/4kg'),
(433, 'Leche entera', 929.69, '2021-05-11', 'caja 100gm'),
(434, 'Queso panela', 97.94, '2025-08-01', 'bolsa 3kg'),
(435, 'Peperoni', 647, '2021-04-28', 'bolsa 2kg'),
(436, 'Jamón', 14.17, '2026-03-26', 'bolsa 2kg'),
(437, 'Queso panela', 25.73, '2025-04-08', 'caja 1/4kg'),
(438, 'Tocino', 453.01, '2020-06-12', 'caja 100gm'),
(439, 'Queso oaxaca', 136.43, '2025-03-09', 'bolsa 3/4kg'),
(440, 'Queso panela', 806.4, '0000-00-00', 'bolsa 1/2kg'),
(441, 'Leche descremada', 979.93, '2023-07-06', 'bolsa 1/2kg'),
(442, 'Jamón', 561.9, '2029-04-24', 'caja 100gm'),
(443, 'Jamón', 29.9, '2023-04-25', 'costal 10kg'),
(444, 'Leche descremada', 331.51, '2033-02-25', 'costal 10kg'),
(445, 'Crema ácida', 872.98, '2025-06-16', 'caja 100gm'),
(446, 'Queso oaxaca', 228.15, '2032-03-18', 'caja 1/4kg'),
(447, 'Media crema', 446.6, '2023-04-05', 'costal 15kg'),
(448, 'Leche semidescremada', 89.84, '2025-08-07', 'costal 20kg'),
(449, 'Leche entera', 374.49, '2030-01-27', 'caja 3/4kg'),
(450, 'Leche semidescremada', 51.46, '2019-06-12', 'costal 50kg'),
(451, 'Tocino', 899.78, '2026-05-08', 'costal 12kg'),
(452, 'Media crema', 964.28, '2026-05-25', 'costal 15kg'),
(453, 'Leche descremada', 915.81, '2030-02-15', 'caja 1/2kg'),
(454, 'Queso oaxaca', 163.04, '2020-05-24', 'costal 20kg'),
(455, 'Leche entera', 594.6, '2026-05-17', 'costal 10kg'),
(456, 'Crema ácida', 80.72, '2026-01-10', 'caja 1/4kg'),
(457, 'Tocino', 112.92, '2031-04-28', 'bolsa 2kg'),
(458, 'Jamón', 211, '0000-00-00', 'bolsa 1/2kg'),
(459, 'Peperoni', 976.04, '2024-06-23', 'costal 12kg'),
(460, 'Leche semidescremada', 918.33, '2019-02-21', 'bolsa 2kg'),
(461, 'Jamón serrano', 439.21, '2021-07-22', 'bolsa 1/2kg'),
(462, 'Tocino', 595.68, '2026-05-27', 'costal 10kg'),
(463, 'Media crema', 526.67, '2020-07-26', 'bolsa 5kg'),
(464, 'Jamón', 669.94, '0000-00-00', 'caja 1kg'),
(465, 'Peperoni', 148.42, '2024-06-12', 'bolsa 3kg'),
(466, 'Leche entera', 955, '2029-04-15', 'bolsa 3kg'),
(467, 'Queso panela', 814.58, '2019-08-13', 'bolsa 1/2kg'),
(468, 'Peperoni', 852.41, '2030-03-11', 'bolsa 3kg'),
(469, 'Jamón', 447.44, '0000-00-00', 'bolsa 2kg'),
(470, 'Jamón', 899.81, '2032-07-02', 'caja 100gm'),
(471, 'Jamón serrano', 791.17, '0000-00-00', 'bolsa 1kg'),
(472, 'Jamón', 166.92, '2026-03-09', 'costal 25kg'),
(473, 'Peperoni', 919.16, '2032-01-20', 'costal 20kg'),
(474, 'Peperoni', 999.25, '2028-04-06', 'caja 1/4kg'),
(475, 'Leche entera', 339.04, '2024-01-21', 'bolsa 3kg'),
(476, 'Leche semidescremada', 609.41, '2027-01-06', 'costal 25kg'),
(477, 'Peperoni', 195.33, '2028-03-08', 'costal 12kg'),
(478, 'Leche entera', 16.11, '2020-01-16', 'costal 50kg'),
(479, 'Crema ácida', 69.81, '2021-01-17', 'bolsa 5kg'),
(480, 'Leche entera', 830.84, '2033-04-08', 'bolsa 5kg'),
(481, 'Leche entera', 879.44, '2027-08-05', 'costal 20kg'),
(482, 'Leche descremada', 392.15, '2033-02-10', 'caja 1kg'),
(483, 'Peperoni', 372.03, '2031-06-13', 'caja 1/2kg'),
(484, 'Peperoni', 747.62, '2030-03-08', 'costal 20kg'),
(485, 'Peperoni', 719.52, '2024-03-01', 'bolsa 3kg'),
(486, 'Crema ácida', 983.48, '2032-07-16', 'bolsa 100gm'),
(487, 'Leche descremada', 708.94, '2019-01-11', 'bolsa 1kg'),
(488, 'Crema ácida', 401.9, '2020-07-21', 'caja 3/4kg'),
(489, 'Queso panela', 31.02, '2033-05-01', 'caja 1kg'),
(490, 'Jamón', 45.9, '2029-03-15', 'caja 1kg'),
(491, 'Crema ácida', 166.41, '2026-07-09', 'bolsa 3kg'),
(492, 'Leche entera', 71.96, '2022-04-06', 'bolsa 5kg'),
(493, 'Leche descremada', 369.66, '2030-02-26', 'bolsa 2kg'),
(494, 'Tocino', 470.26, '2022-04-12', 'costal 50kg'),
(495, 'Queso oaxaca', 250.74, '2023-08-01', 'caja 1/2kg'),
(496, 'Tocino', 632.56, '2019-07-17', 'caja 1/2kg'),
(497, 'Queso panela', 454.3, '2030-05-02', 'costal 15kg'),
(498, 'Leche semidescremada', 267.79, '2028-02-13', 'bolsa 1/2kg'),
(499, 'Queso oaxaca', 936.53, '2023-08-23', 'costal 20kg'),
(500, 'Jamón serrano', 165.26, '2025-07-27', 'caja 1kg'),
(501, 'Queso oaxaca', 339.74, '2031-03-15', 'costal 20kg'),
(502, 'Queso panela', 305.5, '0000-00-00', 'costal 25kg'),
(503, 'Peperoni', 964.53, '2023-08-02', 'bolsa 3/4kg'),
(504, 'Media crema', 818.81, '0000-00-00', 'bolsa 100gm'),
(505, 'Peperoni', 839.63, '0000-00-00', 'caja 1/2kg'),
(506, 'Leche descremada', 291.46, '0000-00-00', 'bolsa 3/4kg'),
(507, 'Queso oaxaca', 389.47, '2030-07-21', 'costal 20kg'),
(508, 'Leche descremada', 919.48, '2025-03-18', 'costal 15kg'),
(509, 'Media crema', 199.28, '0000-00-00', 'costal 50kg'),
(510, 'Leche descremada', 10.21, '0000-00-00', 'costal 25kg'),
(511, 'Media crema', 377.96, '2024-01-21', 'caja 3/4kg'),
(512, 'Crema ácida', 331.41, '0000-00-00', 'bolsa 5kg'),
(513, 'Leche semidescremada', 18.53, '2031-08-06', 'bolsa 2kg'),
(514, 'Leche entera', 808.1, '2028-02-03', 'bolsa 3/4kg'),
(515, 'Media crema', 256.29, '2022-04-06', 'bolsa 1kg'),
(516, 'Jamón', 66.98, '2032-02-01', 'costal 20kg'),
(517, 'Crema ácida', 424.6, '2021-06-25', 'costal 15kg'),
(518, 'Crema ácida', 328.61, '2033-03-04', 'costal 15kg'),
(519, 'Leche entera', 808.32, '2023-01-13', 'costal 50kg'),
(520, 'Queso panela', 147.13, '2023-05-11', 'bolsa 1/2kg'),
(521, 'Jamón serrano', 494.94, '2032-06-06', 'caja 1/2kg'),
(522, 'Jamón', 497.75, '2021-06-01', 'bolsa 1/4kg'),
(523, 'Jamón', 823.31, '2031-07-13', 'caja 1/4kg'),
(524, 'Queso panela', 711.76, '2023-01-03', 'bolsa 1kg'),
(525, 'Jamón serrano', 930.08, '2025-05-14', 'costal 12kg'),
(526, 'Jamón', 759.36, '2029-04-26', 'costal 50kg'),
(527, 'Peperoni', 893.76, '2020-05-14', 'bolsa 5kg'),
(528, 'Peperoni', 380.01, '2025-03-03', 'costal 25kg'),
(529, 'Tocino', 976.47, '2029-02-26', 'bolsa 2kg'),
(530, 'Leche descremada', 560.52, '2020-02-16', 'caja 1/2kg'),
(531, 'Queso oaxaca', 463.3, '2027-05-23', 'bolsa 1/4kg'),
(532, 'Crema ácida', 860.7, '2029-07-05', 'bolsa 5kg'),
(533, 'Crema ácida', 599.37, '2026-04-28', 'caja 3/4kg'),
(534, 'Tocino', 86.84, '2024-03-16', 'caja 1/2kg'),
(535, 'Leche descremada', 124.52, '2022-03-08', 'costal 20kg'),
(536, 'Media crema', 812.61, '2030-05-12', 'costal 25kg'),
(537, 'Leche descremada', 905.66, '2029-05-13', 'bolsa 1kg'),
(538, 'Leche descremada', 247.86, '2022-03-12', 'caja 1/4kg'),
(539, 'Crema ácida', 166.81, '2022-05-13', 'costal 15kg'),
(540, 'Queso oaxaca', 954.86, '0000-00-00', 'caja 3/4kg'),
(541, 'Leche descremada', 816.71, '2024-06-21', 'caja 1/2kg'),
(542, 'Queso oaxaca', 912.37, '2033-04-18', 'bolsa 100gm'),
(543, 'Leche semidescremada', 374.22, '2024-04-09', 'bolsa 3kg'),
(544, 'Queso oaxaca', 427.25, '2028-02-05', 'costal 10kg'),
(545, 'Jamón', 991.23, '2022-02-03', 'bolsa 3kg'),
(546, 'Leche semidescremada', 393.79, '2026-05-09', 'bolsa 2kg'),
(547, 'Jamón', 73.34, '2027-07-25', 'costal 20kg'),
(548, 'Crema ácida', 400.65, '2029-02-27', 'caja 3/4kg'),
(549, 'Media crema', 998.12, '2022-03-02', 'bolsa 1kg'),
(550, 'Tocino', 185.5, '0000-00-00', 'costal 25kg'),
(551, 'Queso oaxaca', 431.09, '2031-04-14', 'bolsa 3kg'),
(552, 'Leche descremada', 937.29, '2032-08-16', 'bolsa 1/2kg'),
(553, 'Media crema', 739.32, '2027-03-05', 'caja 1/2kg'),
(554, 'Crema ácida', 946.18, '0000-00-00', 'costal 25kg'),
(555, 'Crema ácida', 2.64, '2021-08-15', 'caja 1/2kg'),
(556, 'Leche entera', 101.15, '2023-02-24', 'caja 3/4kg'),
(557, 'Jamón', 122.66, '2032-02-09', 'caja 3/4kg'),
(558, 'Leche semidescremada', 735.21, '2032-07-15', 'caja 3/4kg'),
(559, 'Jamón', 529.22, '2019-01-20', 'caja 1/2kg'),
(560, 'Crema ácida', 318.32, '2025-01-04', 'bolsa 1kg'),
(561, 'Leche descremada', 984.72, '2030-02-05', 'costal 12kg'),
(562, 'Crema ácida', 497.96, '0000-00-00', 'caja 3/4kg'),
(563, 'Jamón serrano', 985.97, '0000-00-00', 'costal 10kg'),
(564, 'Tocino', 987.33, '2020-05-09', 'bolsa 3/4kg'),
(565, 'Leche descremada', 263.69, '2023-06-02', 'costal 12kg'),
(566, 'Peperoni', 801.2, '2027-02-27', 'bolsa 1/4kg'),
(567, 'Jamón serrano', 879.8, '2023-04-04', 'costal 12kg'),
(568, 'Queso oaxaca', 339.49, '2033-01-23', 'bolsa 100gm'),
(569, 'Media crema', 422.19, '2019-06-11', 'caja 3/4kg'),
(570, 'Jamón serrano', 818.4, '2030-03-27', 'bolsa 1/2kg'),
(571, 'Peperoni', 797.28, '2029-02-23', 'caja 1/4kg'),
(572, 'Media crema', 549.28, '2020-08-01', 'caja 100gm'),
(573, 'Queso oaxaca', 120.15, '0000-00-00', 'caja 1/4kg'),
(574, 'Leche entera', 565.12, '2032-03-17', 'costal 12kg'),
(575, 'Queso panela', 202.41, '2019-08-25', 'costal 50kg'),
(576, 'Leche semidescremada', 94.69, '0000-00-00', 'costal 15kg'),
(577, 'Queso oaxaca', 137.64, '2027-02-06', 'bolsa 3kg'),
(578, 'Queso panela', 384.35, '2029-05-11', 'caja 1/2kg'),
(579, 'Leche entera', 484.54, '2031-07-18', 'costal 10kg'),
(580, 'Tocino', 367.53, '2025-03-11', 'bolsa 100gm'),
(581, 'Media crema', 547.74, '2033-01-23', 'costal 15kg'),
(582, 'Peperoni', 681.84, '2026-01-08', 'bolsa 1/4kg'),
(583, 'Peperoni', 256.21, '2026-05-28', 'costal 20kg'),
(584, 'Media crema', 533.84, '2020-06-25', 'costal 20kg'),
(585, 'Crema ácida', 139.39, '2026-07-24', 'caja 3/4kg'),
(586, 'Jamón serrano', 911.48, '2020-01-23', 'bolsa 1/2kg'),
(587, 'Jamón serrano', 900.96, '0000-00-00', 'caja 1/4kg'),
(588, 'Queso panela', 644.2, '2033-04-14', 'bolsa 5kg'),
(589, 'Tocino', 90.23, '0000-00-00', 'caja 1/4kg'),
(590, 'Queso panela', 810.65, '2025-01-27', 'bolsa 1/4kg'),
(591, 'Leche descremada', 371.24, '2021-05-24', 'caja 3/4kg'),
(592, 'Queso panela', 994.12, '2027-08-22', 'caja 100gm'),
(593, 'Jamón serrano', 889.46, '2021-08-20', 'costal 12kg'),
(594, 'Jamón', 885.56, '2023-06-26', 'costal 20kg'),
(595, 'Media crema', 236.22, '2019-07-20', 'costal 50kg'),
(596, 'Leche descremada', 734.34, '2028-05-18', 'caja 1/2kg'),
(597, 'Crema ácida', 510.69, '2033-01-23', 'bolsa 2kg'),
(598, 'Tocino', 146.59, '2021-07-21', 'caja 1kg'),
(599, 'Queso panela', 979.65, '0000-00-00', 'bolsa 1/4kg'),
(600, 'Media crema', 731.24, '2031-05-14', 'caja 1/2kg'),
(601, 'Leche descremada', 834.79, '2032-07-20', 'costal 10kg'),
(602, 'Leche entera', 93.68, '2019-07-01', 'caja 1/4kg'),
(603, 'Leche semidescremada', 547.73, '2029-08-16', 'bolsa 1kg'),
(604, 'Queso oaxaca', 677.13, '2022-07-21', 'costal 15kg'),
(605, 'Queso panela', 322.73, '2027-01-06', 'costal 10kg'),
(606, 'Leche entera', 951.63, '2029-02-07', 'caja 1/2kg'),
(607, 'Queso oaxaca', 146.95, '2026-08-25', 'caja 3/4kg'),
(608, 'Peperoni', 450.67, '2023-02-21', 'bolsa 3/4kg'),
(609, 'Queso panela', 938.47, '2021-01-05', 'bolsa 1/2kg'),
(610, 'Tocino', 155.51, '2027-01-05', 'costal 50kg'),
(611, 'Jamón', 291.92, '2028-04-24', 'costal 10kg'),
(612, 'Crema ácida', 727.15, '2031-07-24', 'caja 1kg'),
(613, 'Queso oaxaca', 321.77, '2023-04-07', 'costal 50kg'),
(614, 'Leche entera', 85.95, '2029-05-28', 'costal 50kg'),
(615, 'Peperoni', 103.26, '2027-04-13', 'bolsa 2kg'),
(616, 'Queso oaxaca', 838.89, '2025-05-05', 'bolsa 1kg'),
(617, 'Jamón', 211.05, '2029-05-22', 'caja 1kg'),
(618, 'Leche descremada', 54.54, '2029-05-01', 'costal 10kg'),
(619, 'Jamón', 855.43, '0000-00-00', 'bolsa 100gm'),
(620, 'Tocino', 885.6, '2022-01-14', 'bolsa 1kg'),
(621, 'Queso panela', 116.26, '2029-05-24', 'caja 3/4kg'),
(622, 'Crema ácida', 539.17, '2021-07-27', 'bolsa 1kg'),
(623, 'Queso panela', 774.57, '2032-07-27', 'caja 1/4kg'),
(624, 'Leche descremada', 94.67, '2029-03-02', 'caja 100gm'),
(625, 'Queso oaxaca', 241.72, '2024-02-08', 'caja 1/4kg'),
(626, 'Media crema', 669.37, '2031-01-20', 'caja 3/4kg'),
(627, 'Jamón serrano', 86.38, '2022-03-01', 'bolsa 1/4kg'),
(628, 'Leche descremada', 431.6, '0000-00-00', 'caja 100gm'),
(629, 'Leche descremada', 658.98, '2026-06-26', 'bolsa 100gm'),
(630, 'Leche semidescremada', 961.65, '2031-07-11', 'costal 20kg'),
(631, 'Queso panela', 313.96, '2029-03-09', 'costal 50kg'),
(632, 'Media crema', 460.28, '2029-02-01', 'bolsa 3kg'),
(633, 'Leche descremada', 729.63, '2022-08-01', 'costal 50kg'),
(634, 'Queso panela', 304.9, '2019-07-26', 'costal 20kg'),
(635, 'Leche descremada', 825.65, '2031-06-16', 'caja 1/2kg'),
(636, 'Leche entera', 453.4, '2019-06-23', 'costal 25kg'),
(637, 'Leche entera', 778.23, '2028-01-24', 'caja 1/2kg'),
(638, 'Leche descremada', 195.68, '2033-02-20', 'bolsa 5kg'),
(639, 'Leche semidescremada', 632.9, '2025-04-02', 'bolsa 3/4kg'),
(640, 'Leche semidescremada', 752.77, '2021-01-16', 'costal 50kg'),
(641, 'Media crema', 15.07, '2029-04-27', 'bolsa 1/4kg'),
(642, 'Queso panela', 223.63, '0000-00-00', 'costal 10kg'),
(643, 'Queso oaxaca', 438.1, '2030-05-16', 'bolsa 5kg'),
(644, 'Leche semidescremada', 379.66, '2032-07-24', 'caja 100gm'),
(645, 'Jamón', 709.12, '2025-04-17', 'bolsa 2kg'),
(646, 'Jamón', 806.77, '0000-00-00', 'costal 25kg'),
(647, 'Leche semidescremada', 932.46, '2031-07-22', 'costal 12kg'),
(648, 'Peperoni', 895.18, '2033-08-27', 'bolsa 1kg'),
(649, 'Queso oaxaca', 610.78, '2024-03-04', 'costal 25kg'),
(650, 'Tocino', 176.88, '2028-04-09', 'bolsa 2kg'),
(651, 'Peperoni', 343.83, '0000-00-00', 'bolsa 1kg'),
(652, 'Queso panela', 510.65, '2027-03-22', 'bolsa 1/4kg'),
(653, 'Queso oaxaca', 624.82, '2023-01-11', 'caja 1/2kg'),
(654, 'Jamón', 614.86, '2025-08-28', 'costal 20kg'),
(655, 'Media crema', 234.57, '2019-01-14', 'costal 50kg'),
(656, 'Tocino', 447.87, '2022-05-17', 'caja 1/2kg'),
(657, 'Crema ácida', 733.16, '2022-06-18', 'bolsa 1/4kg'),
(658, 'Tocino', 936.06, '2025-07-10', 'costal 20kg'),
(659, 'Leche entera', 549.4, '2025-04-20', 'bolsa 3/4kg'),
(660, 'Queso oaxaca', 549.56, '0000-00-00', 'caja 3/4kg'),
(661, 'Peperoni', 167.79, '2023-05-20', 'caja 3/4kg'),
(662, 'Tocino', 225.63, '2029-07-20', 'bolsa 2kg'),
(663, 'Jamón', 913.26, '2025-04-07', 'bolsa 100gm'),
(664, 'Peperoni', 139.66, '2022-03-24', 'costal 12kg'),
(665, 'Leche semidescremada', 833.54, '2028-08-23', 'caja 100gm'),
(666, 'Peperoni', 823.89, '2033-03-23', 'costal 20kg'),
(667, 'Queso oaxaca', 179.14, '0000-00-00', 'bolsa 1/4kg'),
(668, 'Crema ácida', 133.72, '2028-03-16', 'caja 1/2kg'),
(669, 'Queso panela', 981.03, '2028-05-15', 'caja 100gm'),
(670, 'Leche descremada', 561.69, '2028-03-23', 'bolsa 1kg'),
(671, 'Leche semidescremada', 225.95, '2030-02-03', 'caja 3/4kg'),
(672, 'Queso oaxaca', 399.19, '2027-07-12', 'bolsa 3/4kg'),
(673, 'Crema ácida', 129.42, '0000-00-00', 'bolsa 1kg'),
(674, 'Crema ácida', 245.71, '2030-05-25', 'bolsa 2kg'),
(675, 'Queso oaxaca', 6.35, '2028-01-22', 'costal 10kg'),
(676, 'Tocino', 365.84, '0000-00-00', 'costal 50kg'),
(677, 'Media crema', 239.35, '2032-08-17', 'bolsa 100gm'),
(678, 'Leche descremada', 393.87, '2021-07-17', 'costal 10kg'),
(679, 'Jamón serrano', 844.65, '2024-08-18', 'costal 12kg'),
(680, 'Queso panela', 886.07, '2019-04-20', 'caja 1kg'),
(681, 'Crema ácida', 135.73, '2022-08-13', 'costal 20kg'),
(682, 'Jamón serrano', 220.64, '2019-03-24', 'caja 1kg'),
(683, 'Queso panela', 984.58, '2025-07-05', 'bolsa 2kg'),
(684, 'Peperoni', 345.28, '2030-06-17', 'caja 100gm'),
(685, 'Peperoni', 180.61, '2023-06-04', 'caja 1kg'),
(686, 'Leche descremada', 872.44, '2032-01-06', 'costal 25kg'),
(687, 'Queso panela', 387.23, '2029-04-22', 'costal 12kg'),
(688, 'Tocino', 22.22, '2031-04-22', 'bolsa 1/4kg'),
(689, 'Leche entera', 196.06, '2020-05-17', 'bolsa 3kg'),
(690, 'Crema ácida', 912.93, '2019-08-04', 'bolsa 1/2kg'),
(691, 'Leche descremada', 778.85, '2020-07-07', 'costal 15kg'),
(692, 'Queso panela', 699.31, '2025-08-22', 'costal 20kg'),
(693, 'Leche entera', 636.98, '0000-00-00', 'bolsa 1kg'),
(694, 'Leche entera', 58.4, '2025-07-12', 'costal 15kg'),
(695, 'Crema ácida', 948.7, '0000-00-00', 'bolsa 100gm'),
(696, 'Media crema', 523.05, '2026-06-22', 'caja 1/2kg'),
(697, 'Queso panela', 13.96, '2033-01-28', 'caja 1/4kg'),
(698, 'Jamón', 163.12, '2028-08-15', 'bolsa 1/4kg'),
(699, 'Leche entera', 296.92, '2021-02-05', 'bolsa 3kg'),
(700, 'Tocino', 114.32, '2025-03-20', 'bolsa 2kg'),
(701, 'Jamón', 566.15, '2033-05-15', 'costal 25kg'),
(702, 'Jamón', 454.68, '0000-00-00', 'bolsa 3/4kg'),
(703, 'Leche semidescremada', 632.39, '2033-04-01', 'caja 1/4kg'),
(704, 'Jamón', 928.75, '2032-08-08', 'bolsa 3kg'),
(705, 'Crema ácida', 184.1, '2023-02-26', 'bolsa 5kg'),
(706, 'Jamón serrano', 19.36, '2031-05-05', 'costal 25kg'),
(707, 'Jamón serrano', 220.55, '2031-02-13', 'caja 1kg'),
(708, 'Crema ácida', 867.09, '2022-08-06', 'costal 10kg'),
(709, 'Jamón serrano', 582.63, '0000-00-00', 'caja 1/2kg'),
(710, 'Jamón serrano', 537.44, '2026-06-04', 'costal 20kg'),
(711, 'Leche semidescremada', 81.28, '2027-06-16', 'costal 50kg'),
(712, 'Jamón serrano', 135.53, '0000-00-00', 'bolsa 100gm'),
(713, 'Media crema', 723.63, '2023-01-06', 'costal 25kg'),
(714, 'Leche entera', 268.61, '2023-06-23', 'caja 3/4kg'),
(715, 'Jamón serrano', 536.73, '2029-01-06', 'bolsa 5kg'),
(716, 'Jamón serrano', 356.07, '2032-03-28', 'bolsa 5kg'),
(717, 'Leche descremada', 488.98, '2021-05-13', 'bolsa 5kg'),
(718, 'Tocino', 287.27, '2028-07-09', 'bolsa 100gm'),
(719, 'Crema ácida', 9.19, '2027-03-05', 'costal 15kg'),
(720, 'Jamón serrano', 926.87, '2028-03-12', 'bolsa 5kg'),
(721, 'Media crema', 603.34, '2027-07-04', 'caja 100gm'),
(722, 'Jamón', 967.92, '2031-01-13', 'caja 1kg'),
(723, 'Peperoni', 68.93, '2020-05-02', 'bolsa 3kg'),
(724, 'Jamón serrano', 632.58, '2033-08-09', 'costal 50kg'),
(725, 'Leche semidescremada', 807.04, '2027-05-17', 'costal 25kg'),
(726, 'Jamón', 720.48, '2030-04-10', 'bolsa 3/4kg'),
(727, 'Leche descremada', 732.05, '2023-03-14', 'costal 25kg'),
(728, 'Leche descremada', 504.74, '2033-05-05', 'bolsa 2kg'),
(729, 'Leche descremada', 278.94, '2024-04-22', 'bolsa 5kg'),
(730, 'Leche semidescremada', 975.67, '2021-07-08', 'costal 20kg'),
(731, 'Queso panela', 8.35, '2031-02-05', 'bolsa 5kg'),
(732, 'Leche descremada', 932.09, '2023-07-17', 'bolsa 1/4kg'),
(733, 'Jamón', 309.24, '2025-08-07', 'costal 10kg'),
(734, 'Media crema', 420.34, '2022-03-22', 'caja 100gm'),
(735, 'Leche entera', 699.17, '2029-01-23', 'caja 1/2kg'),
(736, 'Jamón serrano', 20.92, '2019-07-08', 'costal 20kg'),
(737, 'Jamón serrano', 222.35, '2029-04-14', 'bolsa 1/2kg'),
(738, 'Jamón serrano', 482.82, '2019-07-27', 'bolsa 1/4kg'),
(739, 'Leche descremada', 445.21, '2025-02-24', 'costal 15kg'),
(740, 'Leche entera', 205.46, '2026-03-22', 'costal 25kg'),
(741, 'Leche descremada', 549.76, '2028-07-09', 'bolsa 3/4kg'),
(742, 'Peperoni', 68.31, '2022-03-22', 'bolsa 1/4kg'),
(743, 'Leche descremada', 24.45, '2024-08-15', 'caja 1/2kg'),
(744, 'Queso oaxaca', 108.18, '2021-06-20', 'bolsa 1/2kg'),
(745, 'Leche semidescremada', 452.87, '2019-03-11', 'caja 1kg'),
(746, 'Leche entera', 544.16, '2021-03-18', 'costal 25kg'),
(747, 'Queso panela', 899.94, '2020-01-01', 'caja 1kg'),
(748, 'Peperoni', 650.2, '2028-03-12', 'bolsa 5kg'),
(749, 'Leche entera', 395.86, '0000-00-00', 'costal 25kg'),
(750, 'Jamón', 975.31, '2020-06-10', 'costal 50kg'),
(751, 'Peperoni', 17.67, '2026-02-15', 'costal 10kg'),
(752, 'Media crema', 411.57, '2020-05-04', 'bolsa 2kg'),
(753, 'Jamón', 68.51, '2029-06-25', 'caja 100gm'),
(754, 'Tocino', 609.57, '2026-08-05', 'costal 50kg'),
(755, 'Leche entera', 854.45, '2029-04-27', 'costal 25kg'),
(756, 'Leche semidescremada', 241.7, '2022-08-08', 'bolsa 1/4kg'),
(757, 'Leche semidescremada', 559.09, '2030-05-14', 'bolsa 100gm'),
(758, 'Leche entera', 612.99, '2022-02-03', 'bolsa 100gm'),
(759, 'Jamón', 715.72, '2022-02-16', 'costal 10kg'),
(760, 'Tocino', 119.65, '2025-08-13', 'costal 15kg'),
(761, 'Crema ácida', 777.18, '2028-06-04', 'bolsa 1kg'),
(762, 'Leche semidescremada', 55.24, '2033-05-22', 'caja 3/4kg'),
(763, 'Leche entera', 283.41, '2031-04-06', 'bolsa 3kg'),
(764, 'Queso oaxaca', 264.52, '2028-02-18', 'costal 25kg'),
(765, 'Tocino', 126.56, '2021-02-14', 'bolsa 3kg'),
(766, 'Leche semidescremada', 144.93, '2020-01-20', 'bolsa 1kg'),
(767, 'Leche descremada', 413.83, '2022-08-01', 'bolsa 2kg'),
(768, 'Leche entera', 495.76, '2020-02-11', 'costal 12kg'),
(769, 'Jamón', 427.99, '2028-03-01', 'caja 1/4kg'),
(770, 'Media crema', 714.96, '2028-04-27', 'bolsa 5kg'),
(771, 'Peperoni', 185.47, '2032-04-05', 'caja 1kg'),
(772, 'Jamón', 843.58, '0000-00-00', 'costal 10kg'),
(773, 'Media crema', 92.16, '2020-01-11', 'bolsa 1/2kg'),
(774, 'Jamón', 957.91, '2026-08-27', 'caja 1/2kg'),
(775, 'Crema ácida', 196.87, '2019-06-16', 'bolsa 3/4kg'),
(776, 'Media crema', 409.24, '2031-03-10', 'costal 15kg'),
(777, 'Queso oaxaca', 542.45, '2023-03-04', 'caja 1/2kg'),
(778, 'Queso oaxaca', 411.34, '2031-02-04', 'bolsa 1/2kg'),
(779, 'Queso panela', 114.5, '2021-05-14', 'costal 20kg'),
(780, 'Tocino', 475.46, '2032-02-03', 'bolsa 2kg'),
(781, 'Leche semidescremada', 887.84, '0000-00-00', 'costal 15kg'),
(782, 'Queso panela', 193.18, '2022-05-27', 'caja 1/4kg'),
(783, 'Tocino', 470.56, '2033-08-27', 'caja 1/2kg'),
(784, 'Leche entera', 866.72, '2021-06-21', 'bolsa 3kg'),
(785, 'Media crema', 845.74, '2032-04-14', 'bolsa 1/4kg'),
(786, 'Jamón serrano', 487.07, '2019-02-27', 'bolsa 3kg'),
(787, 'Leche semidescremada', 710.87, '2026-01-05', 'caja 1/2kg'),
(788, 'Crema ácida', 559.64, '2028-03-21', 'caja 3/4kg'),
(789, 'Jamón serrano', 914.85, '2033-01-15', 'bolsa 5kg'),
(790, 'Leche entera', 277.7, '2024-02-18', 'bolsa 5kg'),
(791, 'Jamón', 492.72, '2023-03-14', 'caja 3/4kg'),
(792, 'Jamón', 543.33, '2020-05-08', 'caja 1/4kg'),
(793, 'Leche descremada', 798, '0000-00-00', 'bolsa 5kg'),
(794, 'Leche descremada', 336.18, '2033-08-10', 'caja 1/2kg'),
(795, 'Jamón', 232.7, '0000-00-00', 'bolsa 5kg'),
(796, 'Queso oaxaca', 929.73, '2032-02-07', 'caja 1/4kg'),
(797, 'Tocino', 75, '2032-05-27', 'costal 50kg'),
(798, 'Leche descremada', 455.37, '2023-06-21', 'caja 3/4kg'),
(799, 'Peperoni', 904.56, '2019-08-07', 'bolsa 3kg'),
(800, 'Media crema', 313.98, '2029-08-01', 'costal 50kg'),
(801, 'Leche entera', 125.51, '2031-04-15', 'costal 12kg'),
(802, 'Jamón', 935.26, '2026-02-06', 'costal 20kg'),
(803, 'Peperoni', 87.07, '2021-06-26', 'bolsa 2kg'),
(804, 'Leche descremada', 384.74, '2026-02-03', 'bolsa 1/4kg'),
(805, 'Media crema', 301.88, '0000-00-00', 'costal 50kg'),
(806, 'Crema ácida', 318.31, '0000-00-00', 'costal 12kg'),
(807, 'Jamón serrano', 261.88, '0000-00-00', 'costal 10kg'),
(808, 'Leche descremada', 784.58, '2026-03-13', 'bolsa 5kg'),
(809, 'Queso oaxaca', 351.99, '0000-00-00', 'bolsa 100gm'),
(810, 'Jamón', 374.77, '2033-03-16', 'costal 20kg'),
(811, 'Jamón', 361.32, '0000-00-00', 'bolsa 3/4kg'),
(812, 'Jamón serrano', 220.31, '2019-01-04', 'caja 1/2kg'),
(813, 'Leche descremada', 92.13, '2025-06-22', 'bolsa 100gm'),
(814, 'Leche entera', 338.09, '2021-06-12', 'caja 1/4kg'),
(815, 'Jamón serrano', 566.34, '0000-00-00', 'bolsa 100gm'),
(816, 'Queso oaxaca', 823.33, '2019-02-01', 'bolsa 5kg'),
(817, 'Queso panela', 329.82, '0000-00-00', 'costal 15kg'),
(818, 'Peperoni', 390.21, '2033-08-15', 'bolsa 100gm'),
(819, 'Leche descremada', 354.26, '2029-05-15', 'caja 3/4kg'),
(820, 'Queso oaxaca', 760, '2031-02-06', 'costal 10kg'),
(821, 'Peperoni', 36.7, '2025-06-07', 'bolsa 1/4kg'),
(822, 'Crema ácida', 396.97, '2024-07-20', 'caja 100gm'),
(823, 'Queso oaxaca', 796.72, '2023-08-10', 'caja 100gm'),
(824, 'Queso panela', 91.95, '2029-07-07', 'costal 20kg'),
(825, 'Queso oaxaca', 771.33, '2020-04-26', 'caja 1kg'),
(826, 'Leche semidescremada', 893.43, '2024-08-05', 'bolsa 100gm'),
(827, 'Leche descremada', 107.45, '2023-07-10', 'caja 1kg'),
(828, 'Peperoni', 886.48, '2023-06-06', 'costal 10kg'),
(829, 'Jamón', 352.09, '2026-07-20', 'bolsa 1/2kg'),
(830, 'Leche descremada', 319.2, '2029-02-11', 'bolsa 3/4kg'),
(831, 'Jamón serrano', 440.17, '2019-01-20', 'caja 100gm'),
(832, 'Leche entera', 576.89, '2030-01-10', 'bolsa 1/2kg'),
(833, 'Crema ácida', 780, '2023-08-23', 'caja 1/4kg'),
(834, 'Media crema', 503.85, '2028-07-03', 'bolsa 3/4kg'),
(835, 'Jamón', 936.42, '2024-01-18', 'caja 100gm'),
(836, 'Leche entera', 572.84, '2027-07-23', 'caja 1kg'),
(837, 'Jamón', 411.59, '2033-05-13', 'costal 25kg'),
(838, 'Jamón', 402.21, '2023-04-27', 'bolsa 3kg'),
(839, 'Queso panela', 23.43, '2031-02-01', 'costal 10kg'),
(840, 'Tocino', 120.67, '2023-08-18', 'bolsa 1kg'),
(841, 'Leche semidescremada', 381.74, '2029-04-23', 'bolsa 1/2kg'),
(842, 'Tocino', 79.74, '2025-06-10', 'bolsa 2kg'),
(843, 'Leche descremada', 961.96, '2027-04-25', 'costal 50kg'),
(844, 'Jamón', 413.8, '2030-08-21', 'bolsa 3kg'),
(845, 'Crema ácida', 276.55, '2033-04-12', 'bolsa 5kg'),
(846, 'Peperoni', 947.89, '2028-07-02', 'bolsa 1kg'),
(847, 'Media crema', 644.13, '2028-05-17', 'caja 1/2kg'),
(848, 'Jamón serrano', 953.04, '2025-02-04', 'costal 20kg'),
(849, 'Tocino', 56.15, '2025-05-16', 'bolsa 3kg'),
(850, 'Media crema', 249.43, '2033-01-26', 'bolsa 1kg'),
(851, 'Tocino', 641.32, '2028-07-25', 'bolsa 3kg'),
(852, 'Media crema', 156.98, '2033-04-09', 'bolsa 5kg'),
(853, 'Jamón serrano', 227.61, '2033-05-28', 'costal 20kg'),
(854, 'Queso panela', 793.83, '2028-04-20', 'caja 1/4kg'),
(855, 'Crema ácida', 501.98, '2026-07-27', 'bolsa 1/2kg'),
(856, 'Leche semidescremada', 222.29, '2021-04-09', 'costal 10kg'),
(857, 'Jamón serrano', 267.73, '2027-05-16', 'costal 12kg'),
(858, 'Leche semidescremada', 942.58, '2032-01-13', 'costal 25kg'),
(859, 'Queso panela', 299.51, '2026-01-17', 'caja 1/4kg'),
(860, 'Crema ácida', 234.13, '2022-03-18', 'costal 50kg'),
(861, 'Jamón serrano', 295.96, '2025-02-21', 'costal 15kg'),
(862, 'Leche semidescremada', 844.59, '2029-03-20', 'costal 50kg'),
(863, 'Tocino', 430.08, '2028-08-05', 'bolsa 3kg'),
(864, 'Queso oaxaca', 526.46, '2029-05-03', 'bolsa 1/2kg'),
(865, 'Queso oaxaca', 997.18, '2025-03-06', 'costal 10kg'),
(866, 'Jamón', 921.46, '2027-03-27', 'bolsa 5kg'),
(867, 'Leche descremada', 660.52, '2021-02-09', 'bolsa 100gm'),
(868, 'Leche semidescremada', 292.41, '2028-04-25', 'caja 1kg'),
(869, 'Tocino', 794.6, '2033-02-17', 'bolsa 1kg'),
(870, 'Queso panela', 602.92, '2032-01-08', 'bolsa 3kg'),
(871, 'Jamón serrano', 426.13, '2025-07-26', 'costal 25kg'),
(872, 'Leche semidescremada', 444.63, '2019-08-03', 'caja 1/4kg'),
(873, 'Queso panela', 272.59, '2027-05-10', 'costal 12kg'),
(874, 'Crema ácida', 312.14, '2027-08-13', 'costal 50kg'),
(875, 'Queso panela', 378.56, '2032-06-26', 'costal 20kg'),
(876, 'Leche semidescremada', 725.62, '0000-00-00', 'caja 1/4kg'),
(877, 'Queso panela', 849.56, '2024-07-12', 'bolsa 1/4kg'),
(878, 'Crema ácida', 701.05, '2028-04-20', 'bolsa 100gm'),
(879, 'Jamón serrano', 183.68, '2026-05-15', 'bolsa 1/2kg'),
(880, 'Jamón serrano', 68.12, '2024-02-23', 'bolsa 1kg'),
(881, 'Queso panela', 700.77, '2027-02-12', 'caja 1/4kg'),
(882, 'Jamón', 135.77, '0000-00-00', 'costal 12kg'),
(883, 'Queso panela', 569.36, '2020-08-16', 'costal 12kg'),
(884, 'Queso panela', 205.43, '2026-03-21', 'costal 20kg'),
(885, 'Crema ácida', 931.19, '2030-05-23', 'caja 1/4kg'),
(886, 'Tocino', 431.89, '2020-01-17', 'costal 12kg'),
(887, 'Peperoni', 623.41, '2026-03-17', 'costal 12kg');
INSERT INTO `productos` (`id_p`, `nombre_pro`, `precio`, `caducidad`, `presentacion`) VALUES
(888, 'Leche semidescremada', 531.79, '2033-02-12', 'bolsa 2kg'),
(889, 'Queso oaxaca', 998.41, '2024-05-10', 'costal 20kg'),
(890, 'Jamón serrano', 839.85, '0000-00-00', 'costal 10kg'),
(891, 'Jamón serrano', 341.36, '2024-01-02', 'caja 1/2kg'),
(892, 'Leche semidescremada', 212.69, '2026-04-26', 'bolsa 1/4kg'),
(893, 'Queso panela', 385.38, '2024-07-26', 'caja 1/2kg'),
(894, 'Crema ácida', 280.31, '2020-03-11', 'costal 50kg'),
(895, 'Leche descremada', 424.36, '2027-04-04', 'bolsa 1/2kg'),
(896, 'Peperoni', 545.26, '2022-07-28', 'bolsa 1/4kg'),
(897, 'Crema ácida', 523.39, '2020-02-21', 'bolsa 5kg'),
(898, 'Media crema', 829.46, '2022-04-20', 'bolsa 1/2kg'),
(899, 'Queso panela', 326.99, '2028-04-06', 'costal 50kg'),
(900, 'Jamón', 568.61, '2031-03-14', 'caja 1/2kg'),
(901, 'Leche entera', 964.82, '2029-02-27', 'caja 100gm'),
(902, 'Jamón', 454.39, '2032-07-22', 'costal 10kg'),
(903, 'Queso oaxaca', 555.17, '2032-02-05', 'bolsa 3/4kg'),
(904, 'Crema ácida', 924.18, '2030-05-22', 'bolsa 3/4kg'),
(905, 'Leche semidescremada', 806.04, '2021-08-07', 'bolsa 3/4kg'),
(906, 'Leche semidescremada', 998.48, '2022-01-23', 'caja 1/4kg'),
(907, 'Media crema', 213.93, '2020-01-01', 'bolsa 5kg'),
(908, 'Tocino', 966.07, '2020-04-07', 'caja 1/2kg'),
(909, 'Leche entera', 360.25, '2028-01-03', 'caja 100gm'),
(910, 'Tocino', 416.68, '2028-08-05', 'bolsa 2kg'),
(911, 'Peperoni', 805.35, '2021-04-04', 'costal 12kg'),
(912, 'Tocino', 121.44, '2023-06-20', 'caja 1/4kg'),
(913, 'Queso oaxaca', 80.32, '2026-07-26', 'costal 15kg'),
(914, 'Crema ácida', 260.91, '0000-00-00', 'caja 1/4kg'),
(915, 'Leche descremada', 276.34, '2024-01-10', 'costal 50kg'),
(916, 'Jamón', 500.82, '2022-08-24', 'bolsa 3/4kg'),
(917, 'Leche descremada', 731.69, '2024-03-03', 'costal 20kg'),
(918, 'Peperoni', 415.41, '2020-02-27', 'caja 3/4kg'),
(919, 'Tocino', 316.53, '2024-08-11', 'bolsa 3/4kg'),
(920, 'Queso panela', 758.48, '2031-03-20', 'bolsa 1/2kg'),
(921, 'Leche descremada', 815.16, '2019-03-09', 'bolsa 1kg'),
(922, 'Leche entera', 82.07, '2019-06-27', 'bolsa 3kg'),
(923, 'Tocino', 906.1, '2023-05-26', 'bolsa 5kg'),
(924, 'Jamón', 202.77, '2024-08-21', 'bolsa 1/4kg'),
(925, 'Leche semidescremada', 239.75, '2026-04-08', 'costal 25kg'),
(926, 'Leche entera', 15.78, '2031-02-10', 'bolsa 2kg'),
(927, 'Leche semidescremada', 113.68, '2031-06-27', 'costal 25kg'),
(928, 'Crema ácida', 156.49, '2027-08-11', 'costal 15kg'),
(929, 'Leche semidescremada', 245.62, '2024-05-28', 'caja 1/2kg'),
(930, 'Leche semidescremada', 9.83, '2032-06-15', 'costal 15kg'),
(931, 'Tocino', 144.11, '2021-03-04', 'caja 1/4kg'),
(932, 'Crema ácida', 567.22, '2030-02-17', 'bolsa 1/4kg'),
(933, 'Jamón', 576.81, '2032-05-26', 'caja 1/2kg'),
(934, 'Leche semidescremada', 631.19, '2022-08-06', 'caja 1kg'),
(935, 'Leche semidescremada', 636.4, '2023-02-20', 'caja 1/2kg'),
(936, 'Leche entera', 867.68, '0000-00-00', 'costal 12kg'),
(937, 'Leche descremada', 904.21, '2025-05-28', 'caja 100gm'),
(938, 'Media crema', 205.93, '2026-02-18', 'costal 20kg'),
(939, 'Jamón', 211.48, '2029-07-24', 'caja 1/2kg'),
(940, 'Leche descremada', 86.1, '2021-02-17', 'bolsa 5kg'),
(941, 'Leche descremada', 498.3, '2019-05-26', 'bolsa 5kg'),
(942, 'Queso oaxaca', 54.5, '2024-07-09', 'bolsa 2kg'),
(943, 'Queso oaxaca', 270.14, '2033-03-16', 'caja 1/4kg'),
(944, 'Crema ácida', 206.53, '2020-05-24', 'bolsa 1/2kg'),
(945, 'Leche descremada', 152.11, '2027-04-13', 'costal 10kg'),
(946, 'Queso panela', 977.17, '2031-05-16', 'bolsa 1kg'),
(947, 'Jamón', 40.82, '2019-01-07', 'costal 15kg'),
(948, 'Leche entera', 779.24, '2027-07-26', 'bolsa 2kg'),
(949, 'Jamón serrano', 353.97, '0000-00-00', 'bolsa 3kg'),
(950, 'Leche descremada', 989.28, '0000-00-00', 'costal 10kg'),
(951, 'Crema ácida', 877.48, '0000-00-00', 'caja 3/4kg'),
(952, 'Leche descremada', 781.04, '2033-05-27', 'costal 15kg'),
(953, 'Queso panela', 710.43, '2028-02-22', 'costal 12kg'),
(954, 'Leche entera', 306.68, '2031-07-28', 'costal 15kg'),
(955, 'Leche entera', 807.47, '2032-06-14', 'costal 50kg'),
(956, 'Queso oaxaca', 725.63, '2024-02-10', 'costal 50kg'),
(957, 'Queso oaxaca', 619.08, '2024-03-28', 'bolsa 2kg'),
(958, 'Jamón', 581.04, '2028-06-11', 'caja 3/4kg'),
(959, 'Leche entera', 329.35, '2020-08-22', 'bolsa 3kg'),
(960, 'Queso oaxaca', 23.97, '2021-07-17', 'costal 12kg'),
(961, 'Leche descremada', 191.44, '2033-08-25', 'costal 10kg'),
(962, 'Jamón', 385.19, '2022-01-03', 'costal 20kg'),
(963, 'Leche entera', 460.76, '2026-07-18', 'costal 25kg'),
(964, 'Tocino', 594.63, '2023-06-07', 'caja 1/2kg'),
(965, 'Leche entera', 425.74, '2030-05-08', 'costal 15kg'),
(966, 'Peperoni', 948.51, '2024-04-22', 'costal 10kg'),
(967, 'Queso panela', 36.28, '2024-06-14', 'bolsa 5kg'),
(968, 'Queso panela', 724.12, '2029-08-07', 'bolsa 1kg'),
(969, 'Peperoni', 629.85, '2026-05-23', 'bolsa 100gm'),
(970, 'Leche entera', 142.24, '2032-05-04', 'bolsa 5kg'),
(971, 'Crema ácida', 255.26, '2025-03-27', 'bolsa 1/2kg'),
(972, 'Crema ácida', 177.25, '2028-05-15', 'bolsa 1/2kg'),
(973, 'Leche descremada', 94.07, '2024-06-25', 'bolsa 1/2kg'),
(974, 'Leche semidescremada', 714.87, '2020-05-27', 'costal 25kg'),
(975, 'Leche entera', 479.68, '2028-08-23', 'bolsa 2kg'),
(976, 'Queso oaxaca', 557.52, '2033-03-24', 'bolsa 2kg'),
(977, 'Queso panela', 14.03, '2029-03-24', 'costal 15kg'),
(978, 'Media crema', 777.45, '2023-03-21', 'bolsa 3/4kg'),
(979, 'Tocino', 282.01, '2020-02-15', 'caja 1/2kg'),
(980, 'Leche descremada', 917.41, '2019-03-10', 'costal 25kg'),
(981, 'Crema ácida', 663.5, '2021-04-23', 'bolsa 5kg'),
(982, 'Jamón', 539, '2026-04-28', 'caja 100gm'),
(983, 'Leche entera', 743.06, '2029-02-21', 'caja 100gm'),
(984, 'Tocino', 618.76, '2033-05-09', 'caja 3/4kg'),
(985, 'Queso oaxaca', 817.28, '2027-05-01', 'caja 1/4kg'),
(986, 'Leche semidescremada', 291.79, '2023-04-21', 'costal 12kg'),
(987, 'Jamón serrano', 999.81, '2025-04-28', 'costal 12kg'),
(988, 'Leche entera', 443.13, '2027-07-23', 'caja 1kg'),
(989, 'Jamón serrano', 424.02, '2032-04-25', 'costal 20kg'),
(990, 'Media crema', 646.75, '2021-08-07', 'bolsa 1/2kg'),
(991, 'Queso oaxaca', 43.3, '2020-02-05', 'bolsa 100gm'),
(992, 'Leche entera', 952.16, '2033-08-25', 'bolsa 3/4kg'),
(993, 'Jamón serrano', 529.08, '2032-06-28', 'costal 25kg'),
(994, 'Tocino', 18.79, '2024-04-13', 'caja 1/2kg'),
(995, 'Crema ácida', 766.44, '2032-04-14', 'costal 20kg'),
(996, 'Leche entera', 97.88, '2032-07-16', 'bolsa 100gm'),
(997, 'Queso panela', 447.41, '2029-04-15', 'costal 50kg'),
(998, 'Tocino', 362.16, '0000-00-00', 'costal 20kg'),
(999, 'Jamón serrano', 261.9, '2033-04-22', 'bolsa 1/2kg'),
(1000, 'Media crema', 83.09, '2033-06-08', 'bolsa 3/4kg');

--
-- Índices para tablas volcadas
--

--
-- Indices de la tabla `cliente`
--
ALTER TABLE `cliente`
  ADD PRIMARY KEY (`id_c`),
  ADD KEY `cliente_fk` (`id_dir`);

--
-- Indices de la tabla `direccion`
--
ALTER TABLE `direccion`
  ADD PRIMARY KEY (`id_d`);

--
-- Indices de la tabla `pedidos`
--
ALTER TABLE `pedidos`
  ADD KEY `pedidos_fk1` (`id_cliente`),
  ADD KEY `pedidos_fk2` (`id_articulo`);

--
-- Indices de la tabla `productos`
--
ALTER TABLE `productos`
  ADD PRIMARY KEY (`id_p`);

--
-- Restricciones para tablas volcadas
--

--
-- Filtros para la tabla `cliente`
--
ALTER TABLE `cliente`
  ADD CONSTRAINT `cliente_fk` FOREIGN KEY (`id_dir`) REFERENCES `direccion` (`id_d`);

--
-- Filtros para la tabla `pedidos`
--
ALTER TABLE `pedidos`
  ADD CONSTRAINT `pedidos_fk1` FOREIGN KEY (`id_cliente`) REFERENCES `cliente` (`id_c`),
  ADD CONSTRAINT `pedidos_fk2` FOREIGN KEY (`id_articulo`) REFERENCES `productos` (`id_p`);
COMMIT;

/*!40101 SET CHARACTER_SET_CLIENT=@OLD_CHARACTER_SET_CLIENT */;
/*!40101 SET CHARACTER_SET_RESULTS=@OLD_CHARACTER_SET_RESULTS */;
/*!40101 SET COLLATION_CONNECTION=@OLD_COLLATION_CONNECTION */;
